"No.","Channel Name","Receive Frequency","Transmit Frequency","Channel Type","Transmit Power","Band Width","CTCSS/DCS Decode","CTCSS/DCS Encode","Contact","Contact Call Type","Contact TG/DMR ID","Radio ID","Busy Lock/TX Permit","Squelch Mode","Optional Signal","DTMF ID","2Tone ID","5Tone ID","PTT ID","Color Code","Slot","Scan List","Receive Group List","PTT Prohibit","Reverse","Simplex TDMA","Slot Suit","AES Digital Encryption","Digital Encryption","Call Confirmation","Talk Around(Simplex)","Work Alone","Custom CTCSS","2TONE Decode","Ranging","Through Mode","APRS RX","Analog APRS PTT Mode","Digital APRS PTT Mode","APRS Report Type","Digital APRS Report Channel","Correct Frequency[Hz]","SMS Confirmation","Exclude channel from roaming","DMR MODE","DataACK Disable","R5toneBot","R5ToneEot","Auto Scan","Ana Aprs Mute","Send Talker Alias","AnaAprsTxPath"
"1","145.200 FM","145.20000","145.20000","A-Analog","High","25K","Off","Off","TG 9 LOKAL TS2","Group Call","9","ID","Off","Carrier","Off","1","1","1","Off","1","1","None","None","Off","Off","Off","Off","Normal Encryption","Off","Off","Off","Off","251.1","1","Off","Off","Off","Off","Off","Off","1","0","Off","0","1","0","0","0","0","0","0","0"
"2","145.2125 FM","145.21250","145.21250","A-Analog","High","25K","Off","Off","TG 9 LOKAL TS2","Group Call","9","ID","Off","Carrier","Off","1","1","1","Off","1","1","None","None","Off","Off","Off","Off","Normal Encryption","Off","Off","Off","Off","251.1","1","Off","Off","Off","Off","Off","Off","1","0","Off","0","1","0","0","0","0","0","0","0"
"3","145.225.FM","145.22500","145.22500","A-Analog","High","25K","Off","Off","TG 9 LOKAL TS2","Group Call","9","ID","Off","Carrier","Off","1","1","1","Off","1","1","None","None","Off","Off","Off","Off","Normal Encryption","Off","Off","Off","Off","251.1","1","Off","Off","Off","Off","Off","Off","1","0","Off","0","1","0","0","0","0","0","0","0"
"4","145.2375 FM","145.23750","145.23750","A-Analog","High","25K","Off","Off","TG 9 LOKAL TS2","Group Call","9","ID","Off","Carrier","Off","1","1","1","Off","1","1","None","None","Off","Off","Off","Off","Normal Encryption","Off","Off","Off","Off","251.1","1","Off","Off","Off","Off","Off","Off","1","0","Off","0","1","0","0","0","0","0","0","0"
"5","145.250 FM","145.25000","145.25000","A-Analog","High","25K","Off","Off","TG 9 LOKAL TS2","Group Call","9","ID","Off","Carrier","Off","1","1","1","Off","1","1","None","None","Off","Off","Off","Off","Normal Encryption","Off","Off","Off","Off","251.1","1","Off","Off","Off","Off","Off","Off","1","0","Off","0","1","0","0","0","0","0","0","0"
"6","145.2625 FM","145.26250","145.26250","A-Analog","High","25K","Off","Off","TG 9 LOKAL TS2","Group Call","9","ID","Off","Carrier","Off","1","1","1","Off","1","1","None","None","Off","Off","Off","Off","Normal Encryption","Off","Off","Off","Off","251.1","1","Off","Off","Off","Off","Off","Off","1","0","Off","0","1","0","0","0","0","0","0","0"
"7","145.275 FM","145.27500","145.27500","A-Analog","High","25K","Off","Off","TG 9 LOKAL TS2","Group Call","9","ID","Off","Carrier","Off","1","1","1","Off","1","1","None","None","Off","Off","Off","Off","Normal Encryption","Off","Off","Off","Off","251.1","1","Off","Off","Off","Off","Off","Off","1","0","Off","0","1","0","0","0","0","0","0","0"
"8","145.2875 FM","145.28750","145.28750","A-Analog","High","25K","Off","Off","TG 9 LOKAL TS2","Group Call","9","ID","Off","Carrier","Off","1","1","1","Off","1","1","None","None","Off","Off","Off","Off","Normal Encryption","Off","Off","Off","Off","251.1","1","Off","Off","Off","Off","Off","Off","1","0","Off","0","1","0","0","0","0","0","0","0"
"9","145.300 FM","145.30000","145.30000","A-Analog","High","25K","Off","Off","TG 9 LOKAL TS2","Group Call","9","ID","Off","Carrier","Off","1","1","1","Off","1","1","None","None","Off","Off","Off","Off","Normal Encryption","Off","Off","Off","Off","251.1","1","Off","Off","Off","Off","Off","Off","1","0","Off","0","1","0","0","0","0","0","0","0"
"10","145.3125 FM","145.32150","145.32150","A-Analog","High","25K","Off","Off","TG 9 LOKAL TS2","Group Call","9","ID","Off","Carrier","Off","1","1","1","Off","1","1","None","None","Off","Off","Off","Off","Normal Encryption","Off","Off","Off","Off","251.1","1","Off","Off","Off","Off","Off","Off","1","0","Off","0","1","0","0","0","0","0","0","0"
"11","145.325 FM","145.32500","145.32500","A-Analog","High","25K","Off","Off","TG 9 LOKAL TS2","Group Call","9","ID","Off","Carrier","Off","1","1","1","Off","1","1","None","None","Off","Off","Off","Off","Normal Encryption","Off","Off","Off","Off","251.1","1","Off","Off","Off","Off","Off","Off","1","0","Off","0","1","0","0","0","0","0","0","0"
"12","145.3375 FM","145.33750","145.33750","A-Analog","High","25K","Off","Off","TG 9 LOKAL TS2","Group Call","9","ID","Off","Carrier","Off","1","1","1","Off","1","1","None","None","Off","Off","Off","Off","Normal Encryption","Off","Off","Off","Off","251.1","1","Off","Off","Off","Off","Off","Off","1","0","Off","0","1","0","0","0","0","0","0","0"
"13","145.350 FM","145.35000","145.35000","A-Analog","High","25K","Off","Off","TG 9 LOKAL TS2","Group Call","9","ID","Off","Carrier","Off","1","1","1","Off","1","1","None","None","Off","Off","Off","Off","Normal Encryption","Off","Off","Off","Off","251.1","1","Off","Off","Off","Off","Off","Off","1","0","Off","0","1","0","0","0","0","0","0","0"
"14","145.3625 FM","145.36250","145.36250","A-Analog","High","25K","Off","Off","TG 9 LOKAL TS2","Group Call","9","ID","Off","Carrier","Off","1","1","1","Off","1","1","None","None","Off","Off","Off","Off","Normal Encryption","Off","Off","Off","Off","251.1","1","Off","Off","Off","Off","Off","Off","1","0","Off","0","1","0","0","0","0","0","0","0"
"15","145.375 FM","145.37500","145.37500","A-Analog","High","25K","Off","Off","TG 9 LOKAL TS2","Group Call","9","ID","Off","Carrier","Off","1","1","1","Off","1","1","None","None","Off","Off","Off","Off","Normal Encryption","Off","Off","Off","Off","251.1","1","Off","Off","Off","Off","Off","Off","1","0","Off","0","1","0","0","0","0","0","0","0"
"16","145.3875 FM","145.38750","145.38750","A-Analog","High","25K","Off","Off","TG 9 LOKAL TS2","Group Call","9","ID","Off","Carrier","Off","1","1","1","Off","1","1","None","None","Off","Off","Off","Off","Normal Encryption","Off","Off","Off","Off","251.1","1","Off","Off","Off","Off","Off","Off","1","0","Off","0","1","0","0","0","0","0","0","0"
"17","145.400 FM","145.40000","145.40000","A-Analog","High","25K","Off","Off","TG 9 LOKAL TS2","Group Call","9","ID","Off","Carrier","Off","1","1","1","Off","1","1","None","None","Off","Off","Off","Off","Normal Encryption","Off","Off","Off","Off","251.1","1","Off","Off","Off","Off","Off","Off","1","0","Off","0","1","0","0","0","0","0","0","0"
"18","145.4125 FM","145.41250","145.41250","A-Analog","High","25K","Off","Off","TG 9 LOKAL TS2","Group Call","9","ID","Off","Carrier","Off","1","1","1","Off","1","1","None","None","Off","Off","Off","Off","Normal Encryption","Off","Off","Off","Off","251.1","1","Off","Off","Off","Off","Off","Off","1","0","Off","0","1","0","0","0","0","0","0","0"
"19","145.425 FM","145.42500","145.42500","A-Analog","High","25K","Off","Off","TG 9 LOKAL TS2","Group Call","9","ID","Off","Carrier","Off","1","1","1","Off","1","1","None","None","Off","Off","Off","Off","Normal Encryption","Off","Off","Off","Off","251.1","1","Off","Off","Off","Off","Off","Off","1","0","Off","0","1","0","0","0","0","0","0","0"
"20","145.4375 FM","145.43750","145.43750","A-Analog","High","25K","Off","Off","TG 9 LOKAL TS2","Group Call","9","ID","Off","Carrier","Off","1","1","1","Off","1","1","None","None","Off","Off","Off","Off","Normal Encryption","Off","Off","Off","Off","251.1","1","Off","Off","Off","Off","Off","Off","1","0","Off","0","1","0","0","0","0","0","0","0"
"21","145.450 FM","145.45000","145.45000","A-Analog","High","25K","Off","Off","TG 9 LOKAL TS2","Group Call","9","ID","Off","Carrier","Off","1","1","1","Off","1","1","None","None","Off","Off","Off","Off","Normal Encryption","Off","Off","Off","Off","251.1","1","Off","Off","Off","Off","Off","Off","1","0","Off","0","1","0","0","0","0","0","0","0"
"22","145.4625 FM","145.46250","145.46250","A-Analog","High","25K","Off","Off","TG 9 LOKAL TS2","Group Call","9","ID","Off","Carrier","Off","1","1","1","Off","1","1","None","None","Off","Off","Off","Off","Normal Encryption","Off","Off","Off","Off","251.1","1","Off","Off","Off","Off","Off","Off","1","0","Off","0","1","0","0","0","0","0","0","0"
"23","145.475 FM","145.47500","145.47500","A-Analog","High","25K","Off","Off","TG 9 LOKAL TS2","Group Call","9","ID","Off","Carrier","Off","1","1","1","Off","1","1","None","None","Off","Off","Off","Off","Normal Encryption","Off","Off","Off","Off","251.1","1","Off","Off","Off","Off","Off","Off","1","0","Off","0","1","0","0","0","0","0","0","0"
"24","145.4875 FM","145.48750","145.48750","A-Analog","High","25K","Off","Off","TG 9 LOKAL TS2","Group Call","9","ID","Off","Carrier","Off","1","1","1","Off","1","1","None","None","Off","Off","Off","Off","Normal Encryption","Off","Off","Off","Off","251.1","1","Off","Off","Off","Off","Off","Off","1","0","Off","0","1","0","0","0","0","0","0","0"
"25","145.500 FM","145.50000","145.50000","A-Analog","High","25K","Off","Off","TG 9 LOKAL TS2","Group Call","9","ID","Off","Carrier","Off","1","1","1","Off","1","1","None","None","Off","Off","Off","Off","Normal Encryption","Off","Off","Off","Off","251.1","1","Off","Off","Off","Off","Off","Off","1","0","Off","0","1","0","0","0","0","0","0","0"
"26","145.5125 FM","145.51250","145.51250","A-Analog","High","25K","Off","Off","TG 9 LOKAL TS2","Group Call","9","ID","Off","Carrier","Off","1","1","1","Off","1","1","None","None","Off","Off","Off","Off","Normal Encryption","Off","Off","Off","Off","251.1","1","Off","Off","Off","Off","Off","Off","1","0","Off","0","1","0","0","0","0","0","0","0"
"27","145.525 FM","145.52500","145.52500","A-Analog","High","25K","Off","Off","TG 9 LOKAL TS2","Group Call","9","ID","Off","Carrier","Off","1","1","1","Off","1","1","None","None","Off","Off","Off","Off","Normal Encryption","Off","Off","Off","Off","251.1","1","Off","Off","Off","Off","Off","Off","2","0","Off","0","1","0","0","0","0","0","0","0"
"28","145.5375 FM","145.53750","145.53750","A-Analog","High","25K","Off","Off","TG 9 LOKAL TS2","Group Call","9","ID","Off","Carrier","Off","1","1","1","Off","1","1","None","None","Off","Off","Off","Off","Normal Encryption","Off","Off","Off","Off","251.1","1","Off","Off","Off","Off","Off","Off","2","0","Off","0","1","0","0","0","0","0","0","0"
"29","145.550 FM","145.55000","145.55000","A-Analog","High","25K","Off","Off","TG 9 LOKAL TS2","Group Call","9","ID","Off","Carrier","Off","1","1","1","Off","1","1","None","None","Off","Off","Off","Off","Normal Encryption","Off","Off","Off","Off","251.1","1","Off","Off","Off","Off","Off","Off","1","0","Off","0","1","0","0","0","0","0","0","0"
"30","145.5625 FM","145.56250","145.56250","A-Analog","High","25K","Off","Off","TG 9 LOKAL TS2","Group Call","9","ID","Off","Carrier","Off","1","1","1","Off","1","1","None","None","Off","Off","Off","Off","Normal Encryption","Off","Off","Off","Off","251.1","1","Off","Off","Off","Off","Off","Off","1","0","Off","0","1","0","0","0","0","0","0","0"
"31","433.400 FM","433.40000","433.40000","A-Analog","High","25K","Off","Off","TG 9 LOKAL TS2","Group Call","9","ID","Off","Carrier","Off","1","1","1","Off","1","1","None","None","Off","Off","Off","Off","Normal Encryption","Off","Off","Off","Off","251.1","1","Off","Off","Off","Off","Off","Off","1","0","Off","0","1","0","0","0","0","0","0","0"
"32","433.4125 FM","433.41250","433.41250","A-Analog","High","25K","Off","Off","TG 9 LOKAL TS2","Group Call","9","ID","Off","Carrier","Off","1","1","1","Off","1","1","None","None","Off","Off","Off","Off","Normal Encryption","Off","Off","Off","Off","251.1","1","Off","Off","Off","Off","Off","Off","1","0","Off","0","1","0","0","0","0","0","0","0"
"33","433.425 FM","433.42500","433.42500","A-Analog","High","25K","Off","Off","TG 9 LOKAL TS2","Group Call","9","ID","Off","Carrier","Off","1","1","1","Off","1","1","None","None","Off","Off","Off","Off","Normal Encryption","Off","Off","Off","Off","251.1","1","Off","Off","Off","Off","Off","Off","1","0","Off","0","1","0","0","0","0","0","0","0"
"34","433.4375 FM","433.43750","433.43750","A-Analog","High","25K","Off","Off","TG 9 LOKAL TS2","Group Call","9","ID","Off","Carrier","Off","1","1","1","Off","1","1","None","None","Off","Off","Off","Off","Normal Encryption","Off","Off","Off","Off","251.1","1","Off","Off","Off","Off","Off","Off","1","0","Off","0","1","0","0","0","0","0","0","0"
"35","433.450 FM","433.45000","433.45000","A-Analog","High","25K","Off","Off","TG 9 LOKAL TS2","Group Call","9","ID","Off","Carrier","Off","1","1","1","Off","1","1","None","None","Off","Off","Off","Off","Normal Encryption","Off","Off","Off","Off","251.1","1","Off","Off","Off","Off","Off","Off","1","0","Off","0","1","0","0","0","0","0","0","0"
"36","433.4625 FM","433.46250","433.46250","A-Analog","High","25K","Off","Off","TG 9 LOKAL TS2","Group Call","9","ID","Off","Carrier","Off","1","1","1","Off","1","1","None","None","Off","Off","Off","Off","Normal Encryption","Off","Off","Off","Off","251.1","1","Off","Off","Off","Off","Off","Off","1","0","Off","0","1","0","0","0","0","0","0","0"
"37","433.475 FM","433.47500","433.47500","A-Analog","High","25K","Off","Off","TG 9 LOKAL TS2","Group Call","9","ID","Off","Carrier","Off","1","1","1","Off","1","1","None","None","Off","Off","Off","Off","Normal Encryption","Off","Off","Off","Off","251.1","1","Off","Off","Off","Off","Off","Off","1","0","Off","0","1","0","0","0","0","0","0","0"
"38","433.4875 FM","433.48750","433.48750","A-Analog","High","25K","Off","Off","TG 9 LOKAL TS2","Group Call","9","ID","Off","Carrier","Off","1","1","1","Off","1","1","None","None","Off","Off","Off","Off","Normal Encryption","Off","Off","Off","Off","251.1","1","Off","Off","Off","Off","Off","Off","1","0","Off","0","1","0","0","0","0","0","0","0"
"39","433.500 FM","433.50000","433.50000","A-Analog","High","25K","Off","Off","TG 9 LOKAL TS2","Group Call","9","ID","Off","Carrier","Off","1","1","1","Off","1","1","None","None","Off","Off","Off","Off","Normal Encryption","Off","Off","Off","Off","251.1","1","Off","Off","Off","Off","Off","Off","1","0","Off","0","1","0","0","0","0","0","0","0"
"40","433.5125 FM","433.51250","433.51250","A-Analog","High","25K","Off","Off","TG 9 LOKAL TS2","Group Call","9","ID","Off","Carrier","Off","1","1","1","Off","1","1","None","None","Off","Off","Off","Off","Normal Encryption","Off","Off","Off","Off","251.1","1","Off","Off","Off","Off","Off","Off","1","0","Off","0","1","0","0","0","0","0","0","0"
"41","433.525 FM","433.52500","433.52500","A-Analog","High","25K","Off","Off","TG 9 LOKAL TS2","Group Call","9","ID","Off","Carrier","Off","1","1","1","Off","1","1","None","None","Off","Off","Off","Off","Normal Encryption","Off","Off","Off","Off","251.1","1","Off","Off","Off","Off","Off","Off","1","0","Off","0","1","0","0","0","0","0","0","0"
"42","433.5375 FM","433.53750","433.53750","A-Analog","High","25K","Off","Off","TG 9 LOKAL TS2","Group Call","9","ID","Off","Carrier","Off","1","1","1","Off","1","1","None","None","Off","Off","Off","Off","Normal Encryption","Off","Off","Off","Off","251.1","1","Off","Off","Off","Off","Off","Off","1","0","Off","0","1","0","0","0","0","0","0","0"
"43","433.550 FM","433.55000","433.55000","A-Analog","High","25K","Off","Off","TG 9 LOKAL TS2","Group Call","9","ID","Off","Carrier","Off","1","1","1","Off","1","1","None","None","Off","Off","Off","Off","Normal Encryption","Off","Off","Off","Off","251.1","1","Off","Off","Off","Off","Off","Off","1","0","Off","0","1","0","0","0","0","0","0","0"
"44","433.5625 FM","433.56250","433.56250","A-Analog","High","25K","Off","Off","TG 9 LOKAL TS2","Group Call","9","ID","Off","Carrier","Off","1","1","1","Off","1","1","None","None","Off","Off","Off","Off","Normal Encryption","Off","Off","Off","Off","251.1","1","Off","Off","Off","Off","Off","Off","1","0","Off","0","1","0","0","0","0","0","0","0"
"45","433.575 FM","433.57500","433.57500","A-Analog","High","25K","Off","Off","TG 9 LOKAL TS2","Group Call","9","ID","Off","Carrier","Off","1","1","1","Off","1","1","None","None","Off","Off","Off","Off","Normal Encryption","Off","Off","Off","Off","251.1","1","Off","Off","Off","Off","Off","Off","1","0","Off","0","1","0","0","0","0","0","0","0"
"46","145.200 DMR","145.20000","145.20000","D-Digital","High","12.5K","Off","Off","TG 9 LOKAL TS2","Group Call","9","ID","Always","Carrier","Off","1","1","1","Off","1","1","None","None","Off","Off","Off","Off","Normal Encryption","Off","Off","Off","Off","251.1","1","Off","Off","Off","Off","Off","Off","1","0","Off","0","1","0","0","0","0","0","0","0"
"47","145.2125 DMR","145.21250","145.21250","D-Digital","High","12.5K","Off","Off","TG 9 LOKAL TS2","Group Call","9","ID","Always","Carrier","Off","1","1","1","Off","1","1","None","None","Off","Off","Off","Off","Normal Encryption","Off","Off","Off","Off","251.1","1","Off","Off","Off","Off","Off","Off","1","0","Off","0","1","0","0","0","0","0","0","0"
"48","145.225 DMR","145.22500","145.22500","D-Digital","High","12.5K","Off","Off","TG 9 LOKAL TS2","Group Call","9","ID","Always","Carrier","Off","1","1","1","Off","1","1","None","None","Off","Off","Off","Off","Normal Encryption","Off","Off","Off","Off","251.1","1","Off","Off","Off","Off","Off","Off","1","0","Off","0","1","0","0","0","0","0","0","0"
"49","145.2375 DMR","145.23750","145.23750","D-Digital","High","12.5K","Off","Off","TG 9 LOKAL TS2","Group Call","9","ID","Always","Carrier","Off","1","1","1","Off","1","1","None","None","Off","Off","Off","Off","Normal Encryption","Off","Off","Off","Off","251.1","1","Off","Off","Off","Off","Off","Off","1","0","Off","0","1","0","0","0","0","0","0","0"
"50","145.250 DMR","145.25000","145.25000","D-Digital","High","12.5K","Off","Off","TG 9 LOKAL TS2","Group Call","9","ID","Always","Carrier","Off","1","1","1","Off","1","1","None","None","Off","Off","Off","Off","Normal Encryption","Off","Off","Off","Off","251.1","1","Off","Off","Off","Off","Off","Off","1","0","Off","0","1","0","0","0","0","0","0","0"
"51","145.2625 DMR","145.26250","145.26250","D-Digital","High","12.5K","Off","Off","TG 9 LOKAL TS2","Group Call","9","ID","Always","Carrier","Off","1","1","1","Off","1","1","None","None","Off","Off","Off","Off","Normal Encryption","Off","Off","Off","Off","251.1","1","Off","Off","Off","Off","Off","Off","1","0","Off","0","1","0","0","0","0","0","0","0"
"52","145.275 DMR","145.27500","145.27500","D-Digital","High","12.5K","Off","Off","TG 9 LOKAL TS2","Group Call","9","ID","Always","Carrier","Off","1","1","1","Off","1","1","None","None","Off","Off","Off","Off","Normal Encryption","Off","Off","Off","Off","251.1","1","Off","Off","Off","Off","Off","Off","1","0","Off","0","1","0","0","0","0","0","0","0"
"53","145.2875 DMR","145.28750","145.28750","D-Digital","High","12.5K","Off","Off","TG 9 LOKAL TS2","Group Call","9","ID","Always","Carrier","Off","1","1","1","Off","1","1","None","None","Off","Off","Off","Off","Normal Encryption","Off","Off","Off","Off","251.1","1","Off","Off","Off","Off","Off","Off","1","0","Off","0","1","0","0","0","0","0","0","0"
"54","145.300 DMR","145.30000","145.30000","D-Digital","High","12.5K","Off","Off","TG 9 LOKAL TS2","Group Call","9","ID","Always","Carrier","Off","1","1","1","Off","1","1","None","None","Off","Off","Off","Off","Normal Encryption","Off","Off","Off","Off","251.1","1","Off","Off","Off","Off","Off","Off","1","0","Off","0","1","0","0","0","0","0","0","0"
"55","145.3125 DMR","145.31250","145.31250","D-Digital","High","12.5K","Off","Off","TG 9 LOKAL TS2","Group Call","9","ID","Always","Carrier","Off","1","1","1","Off","1","1","None","None","Off","Off","Off","Off","Normal Encryption","Off","Off","Off","Off","251.1","1","Off","Off","Off","Off","Off","Off","1","0","Off","0","1","0","0","0","0","0","0","0"
"56","145.325 DMR","145.32500","145.32500","D-Digital","High","12.5K","Off","Off","TG 9 LOKAL TS2","Group Call","9","ID","Always","Carrier","Off","1","1","1","Off","1","1","None","None","Off","Off","Off","Off","Normal Encryption","Off","Off","Off","Off","251.1","1","Off","Off","Off","Off","Off","Off","1","0","Off","0","1","0","0","0","0","0","0","0"
"57","145.3375 DMR","145.33750","145.33750","D-Digital","High","12.5K","Off","Off","TG 9 LOKAL TS2","Group Call","9","ID","Always","Carrier","Off","1","1","1","Off","1","1","None","None","Off","Off","Off","Off","Normal Encryption","Off","Off","Off","Off","251.1","1","Off","Off","Off","Off","Off","Off","1","0","Off","0","1","0","0","0","0","0","0","0"
"58","145.350 DMR","145.35000","145.35000","D-Digital","High","12.5K","Off","Off","TG 9 LOKAL TS2","Group Call","9","ID","Always","Carrier","Off","1","1","1","Off","1","1","None","None","Off","Off","Off","Off","Normal Encryption","Off","Off","Off","Off","251.1","1","Off","Off","Off","Off","Off","Off","1","0","Off","0","1","0","0","0","0","0","0","0"
"59","145.3625 DMR","145.36250","145.36250","D-Digital","High","12.5K","Off","Off","TG 9 LOKAL TS2","Group Call","9","ID","Always","Carrier","Off","1","1","1","Off","1","1","None","None","Off","Off","Off","Off","Normal Encryption","Off","Off","Off","Off","251.1","1","Off","Off","Off","Off","Off","Off","1","0","Off","0","1","0","0","0","0","0","0","0"
"60","145.375 DMR","145.37500","145.37500","D-Digital","High","12.5K","Off","Off","TG 9 LOKAL TS2","Group Call","9","ID","Always","Carrier","Off","1","1","1","Off","1","1","None","None","Off","Off","Off","Off","Normal Encryption","Off","Off","Off","Off","251.1","1","Off","Off","Off","Off","Off","Off","1","0","Off","0","1","0","0","0","0","0","0","0"
"61","145.3875 DMR","145.38750","145.38750","D-Digital","High","12.5K","Off","Off","TG 9 LOKAL TS2","Group Call","9","ID","Always","Carrier","Off","1","1","1","Off","1","1","None","None","Off","Off","Off","Off","Normal Encryption","Off","Off","Off","Off","251.1","1","Off","Off","Off","Off","Off","Off","1","0","Off","0","1","0","0","0","0","0","0","0"
"62","145.400 DMR","145.40000","145.40000","D-Digital","High","12.5K","Off","Off","TG 9 LOKAL TS2","Group Call","9","ID","Always","Carrier","Off","1","1","1","Off","1","1","None","None","Off","Off","Off","Off","Normal Encryption","Off","Off","Off","Off","251.1","1","Off","Off","Off","Off","Off","Off","1","0","Off","0","1","0","0","0","0","0","0","0"
"63","145.4125 DMR","145.41250","145.41250","D-Digital","High","12.5K","Off","Off","TG 9 LOKAL TS2","Group Call","9","ID","Always","Carrier","Off","1","1","1","Off","1","1","None","None","Off","Off","Off","Off","Normal Encryption","Off","Off","Off","Off","251.1","1","Off","Off","Off","Off","Off","Off","1","0","Off","0","1","0","0","0","0","0","0","0"
"64","145.425 DMR","145.42500","145.42500","D-Digital","High","12.5K","Off","Off","TG 9 LOKAL TS2","Group Call","9","ID","Always","Carrier","Off","1","1","1","Off","1","1","None","None","Off","Off","Off","Off","Normal Encryption","Off","Off","Off","Off","251.1","1","Off","Off","Off","Off","Off","Off","1","0","Off","0","1","0","0","0","0","0","0","0"
"65","145.4375 DMR","145.43750","145.43750","D-Digital","High","12.5K","Off","Off","TG 9 LOKAL TS2","Group Call","9","ID","Always","Carrier","Off","1","1","1","Off","1","1","None","None","Off","Off","Off","Off","Normal Encryption","Off","Off","Off","Off","251.1","1","Off","Off","Off","Off","Off","Off","1","0","Off","0","1","0","0","0","0","0","0","0"
"66","145.450 DMR","145.45000","145.45000","D-Digital","High","12.5K","Off","Off","TG 9 LOKAL TS2","Group Call","9","ID","Always","Carrier","Off","1","1","1","Off","1","1","None","None","Off","Off","Off","Off","Normal Encryption","Off","Off","Off","Off","251.1","1","Off","Off","Off","Off","Off","Off","1","0","Off","0","1","0","0","0","0","0","0","0"
"67","145.4625 DMR","145.46250","145.46250","D-Digital","High","12.5K","Off","Off","TG 9 LOKAL TS2","Group Call","9","ID","Always","Carrier","Off","1","1","1","Off","1","1","None","None","Off","Off","Off","Off","Normal Encryption","Off","Off","Off","Off","251.1","1","Off","Off","Off","Off","Off","Off","1","0","Off","0","1","0","0","0","0","0","0","0"
"68","145.475 DMR","145.47500","145.47500","D-Digital","High","12.5K","Off","Off","TG 9 LOKAL TS2","Group Call","9","ID","Always","Carrier","Off","1","1","1","Off","1","1","None","None","Off","Off","Off","Off","Normal Encryption","Off","Off","Off","Off","251.1","1","Off","Off","Off","Off","Off","Off","1","0","Off","0","1","0","0","0","0","0","0","0"
"69","145.4875 DMR","145.48750","145.48750","D-Digital","High","12.5K","Off","Off","TG 9 LOKAL TS2","Group Call","9","ID","Always","Carrier","Off","1","1","1","Off","1","1","None","None","Off","Off","Off","Off","Normal Encryption","Off","Off","Off","Off","251.1","1","Off","Off","Off","Off","Off","Off","1","0","Off","0","1","0","0","0","0","0","0","0"
"70","145.500 DMR","145.50000","145.50000","D-Digital","High","12.5K","Off","Off","TG 9 LOKAL TS2","Group Call","9","ID","Always","Carrier","Off","1","1","1","Off","1","1","None","None","Off","Off","Off","Off","Normal Encryption","Off","Off","Off","Off","251.1","1","Off","Off","Off","Off","Off","Off","1","0","Off","0","1","0","0","0","0","0","0","0"
"71","145.5125 DMR","145.51250","145.51250","D-Digital","High","12.5K","Off","Off","TG 9 LOKAL TS2","Group Call","9","ID","Always","Carrier","Off","1","1","1","Off","1","1","None","None","Off","Off","Off","Off","Normal Encryption","Off","Off","Off","Off","251.1","1","Off","Off","Off","Off","Off","Off","1","0","Off","0","1","0","0","0","0","0","0","0"
"72","145.525 DMR","145.52500","145.52500","D-Digital","High","12.5K","Off","Off","TG 9 LOKAL TS2","Group Call","9","ID","Always","Carrier","Off","1","1","1","Off","1","1","None","None","Off","Off","Off","Off","Normal Encryption","Off","Off","Off","Off","251.1","1","Off","Off","Off","Off","Off","Off","1","0","Off","0","1","0","0","0","0","0","0","0"
"73","145.5375 DMR","145.53750","145.53750","D-Digital","High","12.5K","Off","Off","TG 9 LOKAL TS2","Group Call","9","ID","Always","Carrier","Off","1","1","1","Off","1","1","None","None","Off","Off","Off","Off","Normal Encryption","Off","Off","Off","Off","251.1","1","Off","Off","Off","Off","Off","Off","1","0","Off","0","1","0","0","0","0","0","0","0"
"74","145.550 DMR","145.55000","145.55000","D-Digital","High","12.5K","Off","Off","TG 9 LOKAL TS2","Group Call","9","ID","Always","Carrier","Off","1","1","1","Off","1","1","None","None","Off","Off","Off","Off","Normal Encryption","Off","Off","Off","Off","251.1","1","Off","Off","Off","Off","Off","Off","1","0","Off","0","1","0","0","0","0","0","0","0"
"75","145.5625 DMR","145.56250","145.56250","D-Digital","High","12.5K","Off","Off","TG 9 LOKAL TS2","Group Call","9","ID","Always","Carrier","Off","1","1","1","Off","1","1","None","None","Off","Off","Off","Off","Normal Encryption","Off","Off","Off","Off","251.1","1","Off","Off","Off","Off","Off","Off","1","0","Off","0","1","0","0","0","0","0","0","0"
"76","433.400 DMR","433.40000","433.40000","D-Digital","High","12.5K","Off","Off","TG 9 LOKAL TS2","Group Call","9","ID","Always","Carrier","Off","1","1","1","Off","1","1","None","None","Off","Off","Off","Off","Normal Encryption","Off","Off","Off","Off","251.1","1","Off","Off","Off","Off","Off","Off","1","0","Off","0","1","0","0","0","0","0","0","0"
"77","433.4125 DMR","433.41250","433.41250","D-Digital","High","12.5K","Off","Off","TG 9 LOKAL TS2","Group Call","9","ID","Always","Carrier","Off","1","1","1","Off","1","1","None","None","Off","Off","Off","Off","Normal Encryption","Off","Off","Off","Off","251.1","1","Off","Off","Off","Off","Off","Off","1","0","Off","0","1","0","0","0","0","0","0","0"
"78","433.425 DMR","433.42500","433.42500","D-Digital","High","12.5K","Off","Off","TG 9 LOKAL TS2","Group Call","9","ID","Always","Carrier","Off","1","1","1","Off","1","1","None","None","Off","Off","Off","Off","Normal Encryption","Off","Off","Off","Off","251.1","1","Off","Off","Off","Off","Off","Off","1","0","Off","0","1","0","0","0","0","0","0","0"
"79","433.4375 DMR","433.43750","433.43750","D-Digital","High","12.5K","Off","Off","TG 9 LOKAL TS2","Group Call","9","ID","Always","Carrier","Off","1","1","1","Off","1","1","None","None","Off","Off","Off","Off","Normal Encryption","Off","Off","Off","Off","251.1","1","Off","Off","Off","Off","Off","Off","1","0","Off","0","1","0","0","0","0","0","0","0"
"80","433.450 DMR","433.45000","433.45000","D-Digital","High","12.5K","Off","Off","TG 9 LOKAL TS2","Group Call","9","ID","Always","Carrier","Off","1","1","1","Off","1","1","None","None","Off","Off","Off","Off","Normal Encryption","Off","Off","Off","Off","251.1","1","Off","Off","Off","Off","Off","Off","1","0","Off","0","1","0","0","0","0","0","0","0"
"81","433.4625 DMR","433.46250","433.46250","D-Digital","High","12.5K","Off","Off","TG 9 LOKAL TS2","Group Call","9","ID","Always","Carrier","Off","1","1","1","Off","1","1","None","None","Off","Off","Off","Off","Normal Encryption","Off","Off","Off","Off","251.1","1","Off","Off","Off","Off","Off","Off","1","0","Off","0","1","0","0","0","0","0","0","0"
"82","433.475 DMR","433.47500","433.47500","D-Digital","High","12.5K","Off","Off","TG 9 LOKAL TS2","Group Call","9","ID","Always","Carrier","Off","1","1","1","Off","1","1","None","None","Off","Off","Off","Off","Normal Encryption","Off","Off","Off","Off","251.1","1","Off","Off","Off","Off","Off","Off","1","0","Off","0","1","0","0","0","0","0","0","0"
"83","433.4875 DMR","433.48750","433.48750","D-Digital","High","12.5K","Off","Off","TG 9 LOKAL TS2","Group Call","9","ID","Always","Carrier","Off","1","1","1","Off","1","1","None","None","Off","Off","Off","Off","Normal Encryption","Off","Off","Off","Off","251.1","1","Off","Off","Off","Off","Off","Off","1","0","Off","0","1","0","0","0","0","0","0","0"
"84","433.500 DMR","433.50000","433.50000","D-Digital","High","12.5K","Off","Off","TG 9 LOKAL TS2","Group Call","9","ID","Always","Carrier","Off","1","1","1","Off","1","1","None","None","Off","Off","Off","Off","Normal Encryption","Off","Off","Off","Off","251.1","1","Off","Off","Off","Off","Off","Off","1","0","Off","0","1","0","0","0","0","0","0","0"
"85","433.5125 DMR","433.51250","433.51250","D-Digital","High","12.5K","Off","Off","TG 9 LOKAL TS2","Group Call","9","ID","Always","Carrier","Off","1","1","1","Off","1","1","None","None","Off","Off","Off","Off","Normal Encryption","Off","Off","Off","Off","251.1","1","Off","Off","Off","Off","Off","Off","1","0","Off","0","1","0","0","0","0","0","0","0"
"86","433.525 DMR","433.52500","433.52500","D-Digital","High","12.5K","Off","Off","TG 9 LOKAL TS2","Group Call","9","ID","Always","Carrier","Off","1","1","1","Off","1","1","None","None","Off","Off","Off","Off","Normal Encryption","Off","Off","Off","Off","251.1","1","Off","Off","Off","Off","Off","Off","1","0","Off","0","1","0","0","0","0","0","0","0"
"87","433.5375 DMR","433.53750","433.53750","D-Digital","High","12.5K","Off","Off","TG 9 LOKAL TS2","Group Call","9","ID","Always","Carrier","Off","1","1","1","Off","1","1","None","None","Off","Off","Off","Off","Normal Encryption","Off","Off","Off","Off","251.1","1","Off","Off","Off","Off","Off","Off","1","0","Off","0","1","0","0","0","0","0","0","0"
"88","433.550 DMR","433.55000","433.55000","D-Digital","High","12.5K","Off","Off","TG 9 LOKAL TS2","Group Call","9","ID","Always","Carrier","Off","1","1","1","Off","1","1","None","None","Off","Off","Off","Off","Normal Encryption","Off","Off","Off","Off","251.1","1","Off","Off","Off","Off","Off","Off","1","0","Off","0","1","0","0","0","0","0","0","0"
"89","433.5625 DMR","433.56250","433.56250","D-Digital","High","12.5K","Off","Off","TG 9 LOKAL TS2","Group Call","9","ID","Always","Carrier","Off","1","1","1","Off","1","1","None","None","Off","Off","Off","Off","Normal Encryption","Off","Off","Off","Off","251.1","1","Off","Off","Off","Off","Off","Off","1","0","Off","0","1","0","0","0","0","0","0","0"
"90","433.575 DMR","433.57500","433.57500","D-Digital","High","12.5K","Off","Off","TG 9 LOKAL TS2","Group Call","9","ID","Always","Carrier","Off","1","1","1","Off","1","1","None","None","Off","Off","Off","Off","Normal Encryption","Off","Off","Off","Off","251.1","1","Off","Off","Off","Off","Off","Off","1","0","Off","0","1","0","0","0","0","0","0","0"
"91","RV46 Ljubljana","145.57500","144.97500","A-Analog","High","25K","123.0","123.0","TG 9 LOKAL TS2","Group Call","9","ID","Off","Carrier","Off","1","1","1","Off","1","1","None","None","Off","Off","Off","Off","Normal Encryption","Off","Off","Off","Off","251.1","1","Off","Off","Off","Off","Off","Off","1","0","Off","0","1","1","0","0","0","0","0","0"
"92","RV46 Lisca","145.57500","144.97500","A-Analog","High","25K","77.0","77.0","TG 9 LOKAL TS2","Group Call","9","ID","Off","Carrier","Off","1","1","1","Off","1","1","None","None","Off","Off","Off","Off","Normal Encryption","Off","Off","Off","Off","251.1","1","Off","Off","Off","Off","Off","Off","1","0","Off","0","1","1","0","0","0","0","0","0"
"93","RV47 Malic","145.58750","144.98750","A-Analog","High","25K","123.0","123.0","TG 9 LOKAL TS2","Group Call","9","ID","Off","Carrier","Off","1","1","1","Off","1","1","None","None","Off","Off","Off","Off","Normal Encryption","Off","Off","Off","Off","251.1","1","Off","Off","Off","Off","Off","Off","1","0","Off","0","1","1","0","0","0","0","0","0"
"94","RV49 Mohor","145.61250","145.01250","A-Analog","High","25K","Off","Off","TG 9 LOKAL TS2","Group Call","9","ID","Off","Carrier","Off","1","1","1","Off","1","1","None","None","Off","Off","Off","Off","Normal Encryption","Off","Off","Off","Off","251.1","1","Off","Off","Off","Off","Off","Off","1","0","Off","0","1","1","0","0","0","0","0","0"
"95","RV49 Stucin","145.61250","145.01250","A-Analog","High","25K","123.0","123.0","TG 9 LOKAL TS2","Group Call","9","ID","Off","CTCSS/DCS","Off","1","1","1","Off","1","1","None","None","Off","Off","Off","Off","Normal Encryption","Off","Off","Off","Off","251.1","1","Off","Off","Off","Off","Off","Off","1","0","Off","0","1","1","0","0","0","0","0","0"
"96","RV50 Nanos","145.62500","145.02500","A-Analog","High","25K","123.0","123.0","TG 9 LOKAL TS2","Group Call","9","ID","Off","CTCSS/DCS","Off","1","1","1","Off","1","1","None","None","Off","Off","Off","Off","Normal Encryption","Off","Off","Off","Off","251.1","1","Off","Off","Off","Off","Off","Off","1","0","Off","0","1","1","0","0","0","0","0","0"
"97","RV51 Kobla","145.63750","145.03750","A-Analog","High","25K","123.0","123.0","TG 9 LOKAL TS2","Group Call","9","ID","Off","CTCSS/DCS","Off","1","1","1","Off","1","1","None","None","Off","Off","Off","Off","Normal Encryption","Off","Off","Off","Off","251.1","1","Off","Off","Off","Off","Off","Off","1","0","Off","0","1","1","0","0","0","0","0","0"
"98","RV51 Slemene","145.63750","145.03750","A-Analog","High","25K","77.0","77.0","TG 9 LOKAL TS2","Group Call","9","ID","Off","CTCSS/DCS","Off","1","1","1","Off","1","1","None","None","Off","Off","Off","Off","Normal Encryption","Off","Off","Off","Off","251.1","1","Off","Off","Off","Off","Off","Off","1","0","Off","0","1","1","0","0","0","0","0","0"
"99","RV52 Trdinov Vrh","145.65000","145.05000","A-Analog","High","25K","Off","123.0","TG 9 LOKAL TS2","Group Call","9","ID","Off","Carrier","Off","1","1","1","Off","1","1","None","None","Off","Off","Off","Off","Normal Encryption","Off","Off","Off","Off","251.1","1","Off","Off","Off","Off","Off","Off","1","0","Off","0","1","1","0","0","0","0","0","0"
"100","RV52 Kup","145.65000","145.05000","A-Analog","High","25K","Off","Off","TG 9 LOKAL TS2","Group Call","9","ID","Off","Carrier","Off","1","1","1","Off","1","1","None","None","Off","Off","Off","Off","Normal Encryption","Off","Off","Off","Off","251.1","1","Off","Off","Off","Off","Off","Off","1","0","Off","0","1","0","0","0","0","0","0","0"
"101","RV54 Korada","145.67500","145.07500","A-Analog","High","25K","Off","Off","TG 9 LOKAL TS2","Group Call","9","ID","Off","Carrier","Off","1","1","1","Off","1","1","None","None","Off","Off","Off","Off","Normal Encryption","Off","Off","Off","Off","251.1","1","Off","Off","Off","Off","Off","Off","1","0","Off","0","1","0","0","0","0","0","0","0"
"102","RV54 Urslja G.","145.67500","145.07500","A-Analog","High","25K","Off","Off","TG 9 LOKAL TS2","Group Call","9","ID","Off","Carrier","Off","1","1","1","Off","1","1","None","None","Off","Off","Off","Off","Normal Encryption","Off","Off","Off","Off","251.1","1","Off","Off","Off","Off","Off","Off","1","0","Off","0","1","0","0","0","0","0","0","0"
"103","RV54 Kranjska G.","145.67500","145.07500","A-Analog","High","25K","Off","Off","TG 9 LOKAL TS2","Group Call","9","ID","Off","Carrier","Off","1","1","1","Off","1","1","None","None","Off","Off","Off","Off","Normal Encryption","Off","Off","Off","Off","251.1","1","Off","Off","Off","Off","Off","Off","1","0","Off","0","1","0","0","0","0","0","0","0"
"104","RV55 Zagarski","145.68750","145.08750","A-Analog","High","25K","77.0","77.0","TG 9 LOKAL TS2","Group Call","9","ID","Off","CTCSS/DCS","Off","1","1","1","Off","1","1","None","None","Off","Off","Off","Off","Normal Encryption","Off","Off","Off","Off","251.1","1","Off","Off","Off","Off","Off","Off","1","0","Off","0","1","0","0","0","0","0","0","0"
"105","RV56 Mrzlica","145.70000","145.10000","A-Analog","High","25K","123.0","123.0","TG 9 LOKAL TS2","Group Call","9","ID","Off","CTCSS/DCS","Off","1","1","1","Off","1","1","None","None","Off","Off","Off","Off","Normal Encryption","Off","Off","Off","Off","251.1","1","Off","Off","Off","Off","Off","Off","1","0","Off","0","1","0","0","0","0","0","0","0"
"106","RV57 Pecna Reber","145.71250","145.11250","A-Analog","High","25K","123.0","123.0","TG 9 LOKAL TS2","Group Call","9","ID","Off","CTCSS/DCS","Off","1","1","1","Off","1","1","None","None","Off","Off","Off","Off","Normal Encryption","Off","Off","Off","Off","251.1","1","Off","Off","Off","Off","Off","Off","1","0","Off","0","1","0","0","0","0","0","0","0"
"107","RV58 Vojsko","145.72500","145.12500","A-Analog","High","25K","Off","Off","TG 9 LOKAL TS2","Group Call","9","ID","Off","Carrier","Off","1","1","1","Off","1","1","None","None","Off","Off","Off","Off","Normal Encryption","Off","Off","Off","Off","251.1","1","Off","Off","Off","Off","Off","Off","1","0","Off","0","1","0","0","0","0","0","0","0"
"108","RV58 Pohorje","145.72500","145.12500","A-Analog","High","25K","Off","Off","TG 9 LOKAL TS2","Group Call","9","ID","Off","Carrier","Off","1","1","1","Off","1","1","None","None","Off","Off","Off","Off","Normal Encryption","Off","Off","Off","Off","251.1","1","Off","Off","Off","Off","Off","Off","1","0","Off","0","1","0","0","0","0","0","0","0"
"109","RV58 Jesenice","145.72500","145.12500","A-Analog","High","25K","Off","Off","TG 9 LOKAL TS2","Group Call","9","ID","Off","Carrier","Off","1","1","1","Off","1","1","None","None","Off","Off","Off","Off","Normal Encryption","Off","Off","Off","Off","251.1","1","Off","Off","Off","Off","Off","Off","1","0","Off","0","1","0","0","0","0","0","0","0"
"110","RV59 Ormoz","145.73750","145.13750","A-Analog","High","25K","123.0","123.0","TG 9 LOKAL TS2","Group Call","9","ID","Off","CTCSS/DCS","Off","1","1","1","Off","1","1","None","None","Off","Off","Off","Off","Normal Encryption","Off","Off","Off","Off","251.1","1","Off","Off","Off","Off","Off","Off","1","0","Off","0","1","0","0","0","0","0","0","0"
"111","RV60 Grmada","145.75000","145.15000","A-Analog","High","25K","123.0","123.0","TG 9 LOKAL TS2","Group Call","9","ID","Off","CTCSS/DCS","Off","1","1","1","Off","1","1","None","None","Off","Off","Off","Off","Normal Encryption","Off","Off","Off","Off","251.1","1","Off","Off","Off","Off","Off","Off","1","0","Off","0","1","0","0","0","0","0","0","0"
"112","RV60 Karlovica","145.75000","145.15000","A-Analog","High","25K","Off","Off","TG 9 LOKAL TS2","Group Call","9","ID","Off","Carrier","Off","1","1","1","Off","1","1","None","None","Off","Off","Off","Off","Normal Encryption","Off","Off","Off","Off","251.1","1","Off","Off","Off","Off","Off","Off","1","0","Off","0","1","0","0","0","0","0","0","0"
"113","RV61 Malija","145.76250","145.16250","A-Analog","High","25K","123.0","123.0","TG 9 LOKAL TS2","Group Call","9","ID","Off","CTCSS/DCS","Off","1","1","1","Off","1","1","None","None","Off","Off","Off","Off","Normal Encryption","Off","Off","Off","Off","251.1","1","Off","Off","Off","Off","Off","Off","1","0","Off","0","1","0","0","0","0","0","0","0"
"114","RV62 Krim","145.77500","145.17500","A-Analog","High","25K","Off","123.0","TG 9 LOKAL TS2","Group Call","9","ID","Off","Carrier","Off","1","1","1","Off","1","1","None","None","Off","Off","Off","Off","Normal Encryption","Off","Off","Off","Off","251.1","1","Off","Off","Off","Off","Off","Off","1","0","Off","0","1","0","0","0","0","0","0","0"
"115","RV63 Kanin","145.78750","145.18750","A-Analog","High","25K","123.0","123.0","TG 9 LOKAL TS2","Group Call","9","ID","Off","CTCSS/DCS","Off","1","1","1","Off","1","1","None","None","Off","Off","Off","Off","Normal Encryption","Off","Off","Off","Off","251.1","1","Off","Off","Off","Off","Off","Off","1","0","Off","0","1","0","0","0","0","0","0","0"
"116","RV63 Mozirje","145.78750","145.18750","A-Analog","High","25K","Off","Off","TG 9 LOKAL TS2","Group Call","9","ID","Off","Carrier","Off","1","1","1","Off","1","1","None","None","Off","Off","Off","Off","Normal Encryption","Off","Off","Off","Off","251.1","1","Off","Off","Off","Off","Off","Off","1","0","Off","0","1","0","0","0","0","0","0","0"
"117","RV63 Cretez","145.78750","145.18750","A-Analog","High","25K","123.0","123.0","TG 9 LOKAL TS2","Group Call","9","ID","Off","CTCSS/DCS","Off","1","1","1","Off","1","1","None","None","Off","Off","Off","Off","Normal Encryption","Off","Off","Off","Off","251.1","1","Off","Off","Off","Off","Off","Off","1","0","Off","0","1","0","0","0","0","0","0","0"
"118","CELJE UHF","438.95000","431.35000","A-Analog","High","25K","123.0","123.0","TG 9 LOKAL TS2","Group Call","9","ID","Off","CTCSS/DCS","Off","1","1","1","Off","1","1","None","None","Off","Off","Off","Off","Normal Encryption","Off","Off","Off","Off","251.1","1","Off","Off","Off","Off","Off","Off","1","0","Off","0","1","0","0","0","0","0","0","0"
"119","BOC UHF","438.82500","431.22500","A-Analog","High","25K","123.0","123.0","TG 9 LOKAL TS2","Group Call","9","ID","Off","CTCSS/DCS","Off","1","1","1","Off","1","1","None","None","Off","Off","Off","Off","Normal Encryption","Off","Off","Off","Off","251.1","1","Off","Off","Off","Off","Off","Off","1","0","Off","0","1","0","0","0","0","0","0","0"
"120","MIRNA GORA UHF","438.60000","431.00000","A-Analog","High","25K","Off","Off","TG 9 LOKAL TS2","Group Call","9","ID","Off","Carrier","Off","1","1","1","Off","1","1","None","None","Off","Off","Off","Off","Normal Encryption","Off","Off","Off","Off","251.1","1","Off","Off","Off","Off","Off","Off","1","0","Off","0","1","0","0","0","0","0","0","0"
"121","Slemene UHF","438.62500","431.02500","A-Analog","High","25K","123.0","123.0","TG 9 LOKAL TS2","Group Call","9","ID","Off","CTCSS/DCS","Off","1","1","1","Off","1","1","None","None","Off","Off","Off","Off","Normal Encryption","Off","Off","Off","Off","251.1","1","Off","Off","Off","Off","Off","Off","1","0","Off","0","1","0","0","0","0","0","0","0"
"122","KRVAVEC UHF","438.67500","431.07500","A-Analog","High","25K","123.0","123.0","TG 9 LOKAL TS2","Group Call","9","ID","Off","CTCSS/DCS","Off","1","1","1","Off","1","1","None","None","Off","Off","Off","Off","Normal Encryption","Off","Off","Off","Off","251.1","1","Off","Off","Off","Off","Off","Off","1","0","Off","0","1","0","0","0","0","0","0","0"
"123","GRMADA UHF","438.70000","431.10000","A-Analog","High","25K","123.0","123.0","TG 9 LOKAL TS2","Group Call","9","ID","Off","CTCSS/DCS","Off","1","1","1","Off","1","1","None","None","Off","Off","Off","Off","Normal Encryption","Off","Off","Off","Off","251.1","1","Off","Off","Off","Off","Off","Off","1","0","Off","0","1","0","0","0","0","0","0","0"
"124","BREZICE UHF","438.72500","431.12500","A-Analog","High","25K","123.0","123.0","TG 9 LOKAL TS2","Group Call","9","ID","Off","CTCSS/DCS","Off","1","1","1","Off","1","1","None","None","Off","Off","Off","Off","Normal Encryption","Off","Off","Off","Off","251.1","1","Off","Off","Off","Off","Off","Off","1","0","Off","0","1","0","0","0","0","0","0","0"
"125","RADENCI UHF","438.72500","431.12500","A-Analog","High","25K","123.0","123.0","TG 9 LOKAL TS2","Group Call","9","ID","Off","CTCSS/DCS","Off","1","1","1","Off","1","1","None","None","Off","Off","Off","Off","Normal Encryption","Off","Off","Off","Off","251.1","1","Off","Off","Off","Off","Off","Off","1","0","Off","0","1","0","0","0","0","0","0","0"
"126","Trstelj UHF","438.75000","431.15000","A-Analog","High","25K","123.0","123.0","TG 9 LOKAL TS2","Group Call","9","ID","Off","CTCSS/DCS","Off","1","1","1","Off","1","1","None","None","Off","Off","Off","Off","Normal Encryption","Off","Off","Off","Off","251.1","1","Off","Off","Off","Off","Off","Off","1","0","Off","0","1","0","0","0","0","0","0","0"
"127","Krim UHF","438.77500","431.17500","A-Analog","High","25K","123.0","123.0","TG 9 LOKAL TS2","Group Call","9","ID","Off","CTCSS/DCS","Off","1","1","1","Off","1","1","None","None","Off","Off","Off","Off","Normal Encryption","Off","Off","Off","Off","251.1","1","Off","Off","Off","Off","Off","Off","1","0","Off","0","1","0","0","0","0","0","0","0"
"128","Beli Kriz UHF","438.80000","431.20000","A-Analog","High","25K","Off","Off","TG 9 LOKAL TS2","Group Call","9","ID","Off","Carrier","Off","1","1","1","Off","1","1","None","None","Off","Off","Off","Off","Normal Encryption","Off","Off","Off","Off","251.1","1","Off","Off","Off","Off","Off","Off","1","0","Off","0","1","0","0","0","0","0","0","0"
"129","PECNA REBER UHF","438.82500","431.22500","A-Analog","High","25K","123.0","123.0","TG 9 LOKAL TS2","Group Call","9","ID","Off","CTCSS/DCS","Off","1","1","1","Off","1","1","None","None","Off","Off","Off","Off","Normal Encryption","Off","Off","Off","Off","251.1","1","Off","Off","Off","Off","Off","Off","1","0","Off","0","1","0","0","0","0","0","0","0"
"130","JANCE UHF","438.87500","431.27500","A-Analog","High","25K","123.0","123.0","TG 9 LOKAL TS2","Group Call","9","ID","Off","CTCSS/DCS","Off","1","1","1","Off","1","1","None","None","Off","Off","Off","Off","Normal Encryption","Off","Off","Off","Off","251.1","1","Off","Off","Off","Off","Off","Off","1","0","Off","0","1","0","0","0","0","0","0","0"
"131","Korada UHF","438.87500","431.27500","A-Analog","High","25K","Off","Off","TG 9 LOKAL TS2","Group Call","9","ID","Off","Carrier","Off","1","1","1","Off","1","1","None","None","Off","Off","Off","Off","Normal Encryption","Off","Off","Off","Off","251.1","1","Off","Off","Off","Off","Off","Off","1","0","Off","0","1","0","0","0","0","0","0","0"
"132","SV.ROK UHF","438.90000","431.30000","A-Analog","High","25K","123.0","123.0","TG 9 LOKAL TS2","Group Call","9","ID","Off","CTCSS/DCS","Off","1","1","1","Off","1","1","None","None","Off","Off","Off","Off","Normal Encryption","Off","Off","Off","Off","251.1","1","Off","Off","Off","Off","Off","Off","1","0","Off","0","1","0","0","0","0","0","0","0"
"133","Krvavec KOCA UHF","438.92500","431.32500","A-Analog","High","25K","Off","Off","TG 9 LOKAL TS2","Group Call","9","ID","Off","Carrier","Off","1","1","1","Off","1","1","None","None","Off","Off","Off","Off","Normal Encryption","Off","Off","Off","Off","251.1","1","Off","Off","Off","Off","Off","Off","1","0","Off","0","1","0","0","0","0","0","0","0"
"134","LAZE UHF","439.00000","431.40000","A-Analog","High","25K","123.0","123.0","TG 9 LOKAL TS2","Group Call","9","ID","Off","CTCSS/DCS","Off","1","1","1","Off","1","1","None","None","Off","Off","Off","Off","Normal Encryption","Off","Off","Off","Off","251.1","1","Off","Off","Off","Off","Off","Off","1","0","Off","0","1","0","0","0","0","0","0","0"
"135","Lisca UHF","439.07500","431.47500","A-Analog","High","25K","123.0","123.0","TG 9 LOKAL TS2","Group Call","9","ID","Off","CTCSS/DCS","Off","1","1","1","Off","1","1","None","None","Off","Off","Off","Off","Normal Encryption","Off","Off","Off","Off","251.1","1","Off","Off","Off","Off","Off","Off","1","0","Off","0","1","0","0","0","0","0","0","0"
"136","Kum UHF","439.12500","431.52500","A-Analog","High","25K","123.0","123.0","TG 9 LOKAL TS2","Group Call","9","ID","Off","CTCSS/DCS","Off","1","1","1","Off","1","1","None","None","Off","Off","Off","Off","Normal Encryption","Off","Off","Off","Off","251.1","1","Off","Off","Off","Off","Off","Off","1","0","Off","0","1","0","0","0","0","0","0","0"
"137","MALA KOPA UHF","439.15000","431.55000","A-Analog","High","25K","Off","123.0","TG 9 LOKAL TS2","Group Call","9","ID","Off","Carrier","Off","1","1","1","Off","1","1","None","None","Off","Off","Off","Off","Normal Encryption","Off","Off","Off","Off","251.1","1","Off","Off","Off","Off","Off","Off","1","0","Off","0","1","0","0","0","0","0","0","0"
"138","PLANINA UHF","439.17500","431.57500","A-Analog","High","25K","123.0","123.0","TG 9 LOKAL TS2","Group Call","9","ID","Off","CTCSS/DCS","Off","1","1","1","Off","1","1","None","None","Off","Off","Off","Off","Normal Encryption","Off","Off","Off","Off","251.1","1","Off","Off","Off","Off","Off","Off","1","0","Off","0","1","0","0","0","0","0","0","0"
"139","CRETEZ UHF","439.20000","431.60000","A-Analog","High","25K","123.0","123.0","TG 9 LOKAL TS2","Group Call","9","ID","Off","CTCSS/DCS","Off","1","1","1","Off","1","1","None","None","Off","Off","Off","Off","Normal Encryption","Off","Off","Off","Off","251.1","1","Off","Off","Off","Off","Off","Off","1","0","Off","0","1","0","0","0","0","0","0","0"
"140","Pohorje HB UHF","439.20000","431.60000","A-Analog","High","25K","Off","88.5","TG 9 LOKAL TS2","Group Call","9","ID","Off","Carrier","Off","1","1","1","Off","1","1","None","None","Off","Off","Off","Off","Normal Encryption","Off","Off","Off","Off","251.1","1","Off","Off","Off","Off","Off","Off","1","0","Off","0","1","0","0","0","0","0","0","0"
"141","Pohorje RS UHF","439.22500","431.62500","A-Analog","High","25K","Off","Off","TG 9 LOKAL TS2","Group Call","9","ID","Off","Carrier","Off","1","1","1","Off","1","1","None","None","Off","Off","Off","Off","Normal Encryption","Off","Off","Off","Off","251.1","1","Off","Off","Off","Off","Off","Off","1","0","Off","0","1","0","0","0","0","0","0","0"
"142","VOJSKO UHF","439.22500","431.62500","A-Analog","High","25K","Off","Off","TG 9 LOKAL TS2","Group Call","9","ID","Off","Carrier","Off","1","1","1","Off","1","1","None","None","Off","Off","Off","Off","Normal Encryption","Off","Off","Off","Off","251.1","1","Off","Off","Off","Off","Off","Off","1","0","Off","0","1","0","0","0","0","0","0","0"
"143","Mrzlica UHF","439.27500","431.67500","A-Analog","High","25K","123.0","123.0","TG 9 LOKAL TS2","Group Call","9","ID","Off","CTCSS/DCS","Off","1","1","1","Off","1","1","None","None","Off","Off","Off","Off","Normal Encryption","Off","Off","Off","Off","251.1","1","Off","Off","Off","Off","Off","Off","1","0","Off","0","1","0","0","0","0","0","0","0"
"144","MALIC UHF","439.30000","431.70000","A-Analog","High","25K","123.0","123.0","TG 9 LOKAL TS2","Group Call","9","ID","Off","CTCSS/DCS","Off","1","1","1","Off","1","1","None","None","Off","Off","Off","Off","Normal Encryption","Off","Off","Off","Off","251.1","1","Off","Off","Off","Off","Off","Off","1","0","Off","0","1","0","0","0","0","0","0","0"
"145","ROGASKA UHF","439.32500","431.72500","A-Analog","High","25K","Off","91.5","TG 9 LOKAL TS2","Group Call","9","ID","Off","Carrier","Off","1","1","1","Off","1","1","None","None","Off","Off","Off","Off","Normal Encryption","Off","Off","Off","Off","251.1","1","Off","Off","Off","Off","Off","Off","1","0","Off","0","1","0","0","0","0","0","0","0"
"146","STRUSKA UHF","439.32500","431.72500","A-Analog","High","25K","Off","Off","TG 9 LOKAL TS2","Group Call","9","ID","Off","Carrier","Off","1","1","1","Off","1","1","None","None","Off","Off","Off","Off","Normal Encryption","Off","Off","Off","Off","251.1","1","Off","Off","Off","Off","Off","Off","1","0","Off","0","1","0","0","0","0","0","0","0"
"147","Urslja G. U","439.37500","431.77500","A-Analog","High","25K","123.0","123.0","TG 9 LOKAL TS2","Group Call","9","ID","Off","CTCSS/DCS","Off","1","1","1","Off","1","1","None","None","Off","Off","Off","Off","Normal Encryption","Off","Off","Off","Off","251.1","1","Off","Off","Off","Off","Off","Off","1","0","Off","0","1","0","0","0","0","0","0","0"
"148","KALOBJE UHF","438.42500","430.82500","A-Analog","High","25K","123.0","123.0","TG 9 LOKAL TS2","Group Call","9","ID","Off","CTCSS/DCS","Off","1","1","1","Off","1","2","None","None","Off","Off","Off","Off","Normal Encryption","Off","Off","Off","Off","251.1","1","Off","Off","Off","Off","Off","Off","1","0","Off","0","1","0","0","0","0","0","0","0"
"149","V. Planina UHF","438.92500","431.32500","A-Analog","High","25K","123.0","123.0","293 SLO TS1","Group Call","293","ID","Off","CTCSS/DCS","Off","1","1","1","Off","1","1","None","None","Off","Off","Off","Off","Normal Encryption","Off","Off","Off","Off","251.1","1","Off","Off","Off","Off","Off","Off","1","0","Off","0","1","0","0","0","0","0","0","0"
"150","Kobla UHF","439.02500","431.42500","A-Analog","High","25K","123.0","123.0","TG 9 LOKAL TS2","Group Call","9","ID","Off","CTCSS/DCS","Off","1","1","1","Off","1","1","None","None","Off","Off","Off","Off","Normal Encryption","Off","Off","Off","Off","251.1","1","Off","Off","Off","Off","Off","Off","1","0","Off","0","1","0","0","0","0","0","0","0"
"151","Nanos UHF","438.70000","431.10000","A-Analog","Low","25K","123.0","123.0","293 SLO TS1","Group Call","293","ID","Off","CTCSS/DCS","Off","1","1","1","Off","1","2","None","None","Off","Off","Off","Off","Normal Encryption","Off","Off","Off","Off","251.1","1","Off","Off","Off","Off","Off","Off","1","0","Off","0","1","0","0","0","0","0","0","0"
"152","Ermanovec FM","438.72500","431.12500","A-Analog","High","25K","123.0","123.0","293 SLO TS1","Group Call","293","ID","Off","CTCSS/DCS","Off","1","1","1","Off","1","1","None","None","Off","Off","Off","On","Normal Encryption","Off","Off","Off","Off","251.1","1","Off","Off","Off","Off","Off","Off","1","0","Off","0","1","0","0","0","0","0","0","0"
"153","KOKOS FM","438.50000","430.90000","A-Analog","High","25K","123.0","123.0","TG 9 LOKAL TS2","Group Call","9","ID","Off","CTCSS/DCS","Off","1","1","1","Off","1","1","None","None","Off","Off","Off","Off","Normal Encryption","Off","Off","Off","Off","251.1","1","Off","On","Off","Off","Off","Off","1","0","Off","0","0","0","0","0","0","0","0","0"
"154","GoraDornberk","438.60000","431.00000","A-Analog","High","25K","Off","123.0","TG 9 LOKAL TS2","Group Call","9","ID","Off","Carrier","Off","1","1","1","Off","1","1","None","None","Off","Off","Off","Off","Normal Encryption","Off","Off","Off","Off","251.1","1","Off","On","Off","Off","Off","Off","1","0","Off","0","0","0","0","0","0","0","0","0"
"155","ISS Repeater","437.80000","145.99000","A-Analog","High","12.5K","Off","67.0","TG 9 LOKAL TS2","Group Call","9","ID","Off","Carrier","Off","1","1","1","Off","1","1","None","None","Off","Off","Off","Off","Normal Encryption","Off","Off","Off","Off","251.1","1","Off","On","Off","Off","Off","Off","1","0","Off","0","0","0","0","0","0","0","0","0"
"156","EL LJ Bezigrad","144.55000","144.45000","A-Analog","High","25K","123.0","123.0","TG 9 LOKAL TS2","Group Call","9","ID","Off","CTCSS/DCS","Off","1","1","1","Off","1","1","None","None","Off","Off","Off","Off","Normal Encryption","Off","Off","Off","Off","251.1","1","Off","Off","Off","Off","Off","Off","1","0","Off","0","1","0","0","0","0","0","0","0"
"157","EL Boh. Bistr.","144.61250","144.61250","A-Analog","High","25K","123.0","123.0","TG 9 LOKAL TS2","Group Call","9","ID","Off","CTCSS/DCS","Off","1","1","1","Off","1","1","None","None","Off","Off","Off","Off","Normal Encryption","Off","Off","Off","Off","251.1","1","Off","Off","Off","Off","Off","Off","1","0","Off","0","1","0","0","0","0","0","0","0"
"158","EL Brezice","144.61250","144.61250","A-Analog","High","25K","123.0","123.0","TG 9 LOKAL TS2","Group Call","9","ID","Off","CTCSS/DCS","Off","1","1","1","Off","1","1","None","None","Off","Off","Off","Off","Normal Encryption","Off","Off","Off","Off","251.1","1","Off","Off","Off","Off","Off","Off","1","0","Off","0","1","0","0","0","0","0","0","0"
"159","EL Cerkno","145.22500","145.22500","A-Analog","High","25K","123.0","123.0","TG 9 LOKAL TS2","Group Call","9","ID","Off","CTCSS/DCS","Off","1","1","1","Off","1","1","None","None","Off","Off","Off","Off","Normal Encryption","Off","Off","Off","Off","251.1","1","Off","Off","Off","Off","Off","Off","1","0","Off","0","1","0","0","0","0","0","0","0"
"160","EL Ajdovscina","145.47500","145.47500","A-Analog","High","25K","123.0","123.0","TG 9 LOKAL TS2","Group Call","9","ID","Off","CTCSS/DCS","Off","1","1","1","Off","1","1","None","None","Off","Off","Off","Off","Normal Encryption","Off","Off","Off","Off","251.1","1","Off","Off","Off","Off","Off","Off","1","0","Off","0","1","0","0","0","0","0","0","0"
"161","ANALOG APRS","144.80000","144.80000","A-Analog","High","12.5K","Off","Off","TG 9 LOKAL TS2","Group Call","9","ID","Off","Carrier","Off","1","1","1","Off","1","1","None","None","Off","Off","Off","Off","Normal Encryption","Off","Off","Off","Off","251.1","1","Off","Off","On","Off","Off","Off","1","0","Off","0","1","0","0","0","0","0","0","0"
"162","Kobla V TS1","145.63750","145.03750","D-Digital","High","25K","Off","Off","293 SLO TS1","Group Call","293","ID","Always","Carrier","Off","1","1","1","Off","1","1","None","None","Off","Off","Off","On","Normal Encryption","Off","Off","Off","Off","251.1","1","Off","Off","Off","Off","Off","Off","1","0","Off","0","1","0","0","0","0","0","0","0"
"163","Kobla V TS2","145.63750","145.03750","D-Digital","High","25K","Off","Off","TG 9 LOKAL TS2","Group Call","9","ID","Always","Carrier","Off","1","1","1","Off","1","2","None","None","Off","Off","Off","On","Normal Encryption","Off","Off","Off","Off","251.1","1","Off","Off","Off","Off","Off","Off","1","0","Off","0","1","0","0","0","0","0","0","0"
"164","Mrzlica V TS1","145.70000","145.10000","D-Digital","High","12.5K","Off","Off","293 SLO TS1","Group Call","293","ID","Always","Carrier","Off","1","1","1","Off","1","1","None","None","Off","Off","Off","On","Normal Encryption","Off","Off","Off","Off","251.1","1","Off","Off","Off","Off","Off","Off","1","0","Off","0","1","0","0","0","0","0","0","0"
"165","Mrzlica V TS2","145.70000","145.10000","D-Digital","High","12.5K","Off","Off","TG 9 LOKAL TS2","Group Call","9","ID","Always","Carrier","Off","1","1","1","Off","1","2","None","None","Off","Off","Off","On","Normal Encryption","Off","Off","Off","Off","251.1","1","Off","Off","Off","Off","Off","Off","1","0","Off","0","1","0","0","0","0","0","0","0"
"166","Pecna R. V TS1","145.71250","145.11250","D-Digital","High","12.5K","Off","Off","293 SLO TS1","Group Call","293","ID","Always","Carrier","Off","1","1","1","Off","1","1","None","None","Off","Off","Off","On","Normal Encryption","Off","Off","Off","Off","251.1","1","Off","Off","Off","Off","Off","Off","1","0","Off","0","1","0","0","0","0","0","0","0"
"167","Pecna R. V  TS2","145.71250","145.11250","D-Digital","High","12.5K","Off","Off","TG 9 LOKAL TS2","Group Call","9","ID","Always","Carrier","Off","1","1","1","Off","1","2","None","None","Off","Off","Off","On","Normal Encryption","Off","Off","Off","Off","251.1","1","Off","Off","Off","Off","Off","Off","1","0","Off","0","1","0","0","0","0","0","0","0"
"168","Krim TS1","438.20000","430.60000","D-Digital","High","12.5K","Off","Off","293 SLO TS1","Group Call","293","ID","Always","Carrier","Off","1","1","1","Off","1","1","None","None","Off","Off","Off","On","Normal Encryption","Off","Off","Off","Off","131.8","1","Off","Off","Off","Off","Off","Off","1","0","Off","0","1","0","0","0","0","0","0","0"
"169","Krim TS2","438.20000","430.60000","D-Digital","High","12.5K","Off","Off","TG 9 LOKAL TS2","Group Call","9","ID","Always","Carrier","Off","1","1","1","Off","1","2","None","None","Off","Off","Off","On","Normal Encryption","Off","Off","Off","Off","131.8","1","Off","Off","Off","Off","Off","Off","1","0","Off","0","1","0","0","0","0","0","0","0"
"170","Ptuj TS1","438.20000","430.60000","D-Digital","High","12.5K","Off","Off","293 SLO TS1","Group Call","293","ID","Always","Carrier","Off","1","1","1","Off","1","1","None","None","Off","Off","Off","On","Normal Encryption","Off","Off","Off","Off","131.8","1","Off","Off","Off","Off","Off","Off","1","0","Off","0","1","0","0","0","0","0","0","0"
"171","Ptuj TS2","438.20000","430.60000","D-Digital","High","12.5K","Off","Off","TG 9 LOKAL TS2","Group Call","9","ID","Always","Carrier","Off","1","1","1","Off","1","2","None","None","Off","Off","Off","On","Normal Encryption","Off","Off","Off","Off","131.8","1","Off","Off","Off","Off","Off","Off","1","0","Off","0","1","0","0","0","0","0","0","0"
"172","Malija TS1","438.22500","430.62500","D-Digital","High","12.5K","Off","Off","293 SLO TS1","Group Call","293","ID","Always","Carrier","Off","1","1","1","Off","1","1","None","None","Off","Off","Off","On","Normal Encryption","Off","Off","Off","Off","251.1","1","Off","Off","Off","Off","Off","Off","1","0","Off","0","1","0","0","0","0","0","0","0"
"173","Malija TS2","438.22500","430.62500","D-Digital","High","12.5K","Off","Off","TG 9 LOKAL TS2","Group Call","9","ID","Always","Carrier","Off","1","1","1","Off","1","2","None","None","Off","Off","Off","On","Normal Encryption","Off","Off","Off","Off","251.1","1","Off","Off","Off","Off","On","Digital","1","0","Off","0","1","0","0","0","0","0","0","0"
"174","Slemene TS1","438.22500","430.62500","D-Digital","High","12.5K","Off","Off","293 SLO TS1","Group Call","293","ID","Always","Carrier","Off","1","1","1","Off","1","1","None","None","Off","Off","Off","On","Normal Encryption","Off","Off","Off","Off","131.8","1","Off","Off","Off","Off","Off","Off","1","0","Off","0","1","0","0","0","0","0","0","0"
"175","Slemene TS2","438.22500","430.62500","D-Digital","High","12.5K","Off","Off","TG 9 LOKAL TS2","Group Call","9","ID","Always","Carrier","Off","1","1","1","Off","1","2","None","None","Off","Off","Off","On","Normal Encryption","Off","Off","Off","Off","131.8","1","Off","Off","Off","Off","Off","Off","1","0","Off","0","1","0","0","0","0","0","0","0"
"176","Jesenice TS1","438.22500","430.62500","D-Digital","High","12.5K","Off","Off","293 SLO TS1","Group Call","293","ID","Always","Carrier","Off","1","1","1","Off","3","1","None","None","Off","Off","Off","On","Normal Encryption","Off","Off","Off","Off","251.1","1","Off","Off","Off","Off","Off","Off","1","0","Off","0","1","0","0","0","0","0","0","0"
"177","Jesenice TS2","438.22500","430.62500","D-Digital","High","12.5K","Off","Off","TG 9 LOKAL TS2","Group Call","9","ID","Always","Carrier","Off","1","1","1","Off","3","2","None","None","Off","Off","Off","On","Normal Encryption","Off","Off","Off","Off","251.1","1","Off","Off","Off","Off","Off","Off","1","0","Off","0","1","0","0","0","0","0","0","0"
"178","Lubnik TS1","438.25000","430.65000","D-Digital","High","12.5K","Off","Off","293 SLO TS1","Group Call","293","ID","Always","Carrier","Off","1","1","1","Off","1","1","None","None","Off","Off","Off","On","Normal Encryption","Off","Off","Off","Off","251.1","1","Off","Off","Off","Off","Off","Off","1","0","Off","0","1","0","0","0","0","0","0","0"
"179","Lubnik TS2","438.25000","430.65000","D-Digital","High","12.5K","Off","Off","TG 9 LOKAL TS2","Group Call","9","ID","Always","Carrier","Off","1","1","1","Off","1","2","None","None","Off","Off","Off","On","Normal Encryption","Off","Off","Off","Off","251.1","1","Off","Off","Off","Off","Off","Off","1","0","Off","0","1","0","0","0","0","0","0","0"
"180","Kum TS1","438.27500","430.67500","D-Digital","High","12.5K","Off","Off","293 SLO TS1","Group Call","293","ID","Always","Carrier","Off","1","1","1","Off","1","1","None","None","Off","Off","Off","On","Normal Encryption","Off","Off","Off","Off","251.1","1","Off","Off","Off","Off","Off","Off","1","0","Off","0","1","0","0","0","0","0","0","0"
"181","Kum TS2","438.27500","430.67500","D-Digital","High","12.5K","Off","Off","TG 9 LOKAL TS2","Group Call","9","ID","Always","Carrier","Off","1","1","1","Off","1","2","None","None","Off","Off","Off","On","Normal Encryption","Off","Off","Off","Off","251.1","1","Off","Off","Off","Off","Off","Off","1","0","Off","0","1","0","0","0","0","0","0","0"
"182","Mrzlica U TS1","438.30000","430.70000","D-Digital","High","12.5K","Off","Off","293 SLO TS1","Group Call","293","ID","Always","Carrier","Off","1","1","1","Off","1","1","None","None","Off","Off","Off","On","Normal Encryption","Off","Off","Off","Off","251.1","1","Off","Off","Off","Off","Off","Off","1","0","Off","0","1","0","0","0","0","0","0","0"
"183","Mrzlica U TS2","438.30000","430.70000","D-Digital","High","12.5K","Off","Off","TG 9 LOKAL TS2","Group Call","9","ID","Always","Carrier","Off","1","1","1","Off","1","2","None","None","Off","Off","Off","On","Normal Encryption","Off","Off","Off","Off","251.1","1","Off","Off","Off","Off","Off","Off","1","0","Off","0","1","0","0","0","0","0","0","0"
"184","Mala Kopa TS1","438.32500","430.72500","D-Digital","High","12.5K","Off","Off","293 SLO TS1","Group Call","293","ID","Always","Carrier","Off","1","1","1","Off","1","1","None","None","Off","Off","Off","On","Normal Encryption","Off","Off","Off","Off","251.1","1","Off","Off","Off","Off","Off","Off","1","0","Off","0","1","0","0","0","0","0","0","0"
"185","Mala Kopa TS2","438.32500","430.72500","D-Digital","High","12.5K","Off","Off","TG 9 LOKAL TS2","Group Call","9","ID","Always","Carrier","Off","1","1","1","Off","1","2","None","None","Off","Off","Off","On","Normal Encryption","Off","Off","Off","Off","251.1","1","Off","Off","Off","Off","Off","Off","1","0","Off","0","1","0","0","0","0","0","0","0"
"186","Javornik TS1","438.32500","430.72500","D-Digital","High","12.5K","Off","Off","293 SLO TS1","Group Call","293","ID","Always","Carrier","Off","1","1","1","Off","2","1","None","None","Off","Off","Off","On","Normal Encryption","Off","Off","Off","Off","251.1","1","Off","Off","Off","Off","Off","Off","1","0","Off","0","1","0","0","0","0","0","0","0"
"187","Javornik TS2","438.32500","430.72500","D-Digital","High","12.5K","Off","Off","TG 9 LOKAL TS2","Group Call","9","ID","Always","Carrier","Off","1","1","1","Off","2","2","None","None","Off","Off","Off","On","Normal Encryption","Off","Off","Off","Off","251.1","1","Off","Off","Off","Off","Off","Off","1","0","Off","0","1","0","0","0","0","0","0","0"
"188","Mirna Gora TS1","438.32500","430.72500","D-Digital","High","12.5K","Off","Off","293 SLO TS1","Group Call","293","ID","Always","Carrier","Off","1","1","1","Off","3","1","None","None","Off","Off","Off","On","Normal Encryption","Off","Off","Off","Off","251.1","1","Off","Off","Off","Off","Off","Off","1","0","Off","0","1","0","0","0","0","0","0","0"
"189","Mirna Gora TS2","438.32500","430.72500","D-Digital","High","12.5K","Off","Off","TG 9 LOKAL TS2","Group Call","9","ID","Always","Carrier","Off","1","1","1","Off","3","2","None","None","Off","Off","Off","On","Normal Encryption","Off","Off","Off","Off","251.1","1","Off","Off","Off","Off","Off","Off","1","0","Off","0","1","0","0","0","0","0","0","0"
"190","Pohorje TS1","438.35000","430.75000","D-Digital","High","12.5K","Off","Off","293 SLO TS1","Group Call","293","ID","Always","Carrier","Off","1","1","1","Off","1","1","None","None","Off","Off","Off","On","Normal Encryption","Off","Off","Off","Off","251.1","1","Off","Off","Off","Off","Off","Off","1","0","Off","0","1","0","0","0","0","0","0","0"
"191","Pohorje TS2","438.35000","430.75000","D-Digital","High","12.5K","Off","Off","TG 9 LOKAL TS2","Group Call","9","ID","Always","Carrier","Off","1","1","1","Off","1","2","None","None","Off","Off","Off","On","Normal Encryption","Off","Off","Off","Off","251.1","1","Off","Off","Off","Off","Off","Off","1","0","Off","0","1","0","0","0","0","0","0","0"
"192","Travna G. TS1","438.35000","430.75000","D-Digital","High","12.5K","Off","Off","293 SLO TS1","Group Call","293","ID","Always","Carrier","Off","1","1","1","Off","1","1","None","None","Off","Off","Off","On","Normal Encryption","Off","Off","Off","Off","251.1","1","Off","Off","Off","Off","Off","Off","1","0","Off","0","1","0","0","0","0","0","0","0"
"193","Travna G. TS2","438.35000","430.75000","D-Digital","High","12.5K","Off","Off","TG 9 LOKAL TS2","Group Call","9","ID","Always","Carrier","Off","1","1","1","Off","1","2","None","None","Off","Off","Off","On","Normal Encryption","Off","Off","Off","Off","251.1","1","Off","Off","Off","Off","Off","Off","1","0","Off","0","1","0","0","0","0","0","0","0"
"194","Kranjska G. TS1","438.35000","430.75000","D-Digital","High","12.5K","Off","Off","293 SLO TS1","Group Call","293","ID","Always","Carrier","Off","1","1","1","Off","3","1","None","None","Off","Off","Off","On","Normal Encryption","Off","Off","Off","Off","251.1","1","Off","Off","Off","Off","Off","Off","1","0","Off","0","1","0","0","0","0","0","0","0"
"195","Kranjska G. TS2","438.35000","430.75000","D-Digital","High","12.5K","Off","Off","TG 9 LOKAL TS2","Group Call","9","ID","Always","Carrier","Off","1","1","1","Off","3","2","None","None","Off","Off","Off","On","Normal Encryption","Off","Off","Off","Off","251.1","1","Off","Off","Off","Off","Off","Off","1","0","Off","0","1","0","0","0","0","0","0","0"
"196","Krsko TS1","438.37500","430.77500","D-Digital","High","12.5K","Off","Off","293 SLO TS1","Group Call","293","ID","Always","Carrier","Off","1","1","1","Off","1","1","None","None","Off","Off","Off","On","Normal Encryption","Off","Off","Off","Off","251.1","1","Off","Off","Off","Off","Off","Off","1","0","Off","0","1","0","0","0","0","0","0","0"
"197","Krsko TS2","438.37500","430.77500","D-Digital","High","12.5K","Off","Off","TG 9 LOKAL TS2","Group Call","9","ID","Always","Carrier","Off","1","1","1","Off","1","2","None","None","Off","Off","Off","On","Normal Encryption","Off","Off","Off","Off","251.1","1","Off","Off","Off","Off","Off","Off","1","0","Off","0","1","0","0","0","0","0","0","0"
"198","Sevnica TS1","438.40000","430.80000","D-Digital","High","12.5K","Off","Off","293 SLO TS1","Group Call","293","ID","Always","Carrier","Off","1","1","1","Off","1","1","None","None","Off","Off","Off","On","Normal Encryption","Off","Off","Off","Off","251.1","1","Off","Off","Off","Off","Off","Off","1","0","Off","0","1","0","0","0","0","0","0","0"
"199","Sevnica TS2","438.37500","430.77500","D-Digital","High","12.5K","Off","Off","TG 9 LOKAL TS2","Group Call","9","ID","Always","Carrier","Off","1","1","1","Off","1","2","None","None","Off","Off","Off","On","Normal Encryption","Off","Off","Off","Off","251.1","1","Off","Off","Off","Off","Off","Off","1","0","Off","0","1","0","0","0","0","0","0","0"
"200","Malic TS1","438.42500","430.82500","D-Digital","High","12.5K","Off","Off","293 SLO TS1","Group Call","293","ID","Always","Carrier","Off","1","1","1","Off","1","1","None","None","Off","Off","Off","On","Normal Encryption","Off","Off","Off","Off","131.8","1","Off","Off","Off","Off","Off","Off","1","0","Off","0","1","0","0","0","0","0","0","0"
"201","Malic TS2","438.42500","430.82500","D-Digital","High","12.5K","Off","Off","TG 9 LOKAL TS2","Group Call","9","ID","Always","Carrier","Off","1","1","1","Off","1","2","None","None","Off","Off","Off","On","Normal Encryption","Off","Off","Off","Off","131.8","1","Off","Off","Off","Off","Off","Off","1","0","Off","0","1","0","0","0","0","0","0","0"
"202","Lendava TS1","438.43750","430.83750","D-Digital","High","12.5K","Off","Off","293 SLO TS1","Group Call","293","ID","Always","Carrier","Off","1","1","1","Off","2","1","None","None","Off","Off","Off","On","Normal Encryption","Off","Off","Off","Off","131.8","1","Off","Off","Off","Off","Off","Off","1","0","Off","0","1","0","0","0","0","0","0","0"
"203","Lendava TS2","438.43750","430.83750","D-Digital","High","12.5K","Off","Off","TG 9 LOKAL TS2","Group Call","9","ID","Always","Carrier","Off","1","1","1","Off","2","2","None","None","Off","Off","Off","On","Normal Encryption","Off","Off","Off","Off","131.8","1","Off","Off","Off","Off","Off","Off","1","0","Off","0","1","0","0","0","0","0","0","0"
"204","Krvavec TS1","438.47500","430.87500","D-Digital","High","12.5K","Off","Off","293 SLO TS1","Group Call","293","ID","Always","Carrier","Off","1","1","1","Off","1","1","None","None","Off","Off","Off","On","Normal Encryption","Off","Off","Off","Off","251.1","1","Off","Off","Off","Off","Off","Off","1","0","Off","0","1","0","0","0","0","0","0","0"
"205","Krvavec TS2","438.47500","430.87500","D-Digital","High","12.5K","Off","Off","TG 9 LOKAL TS2","Group Call","9","ID","Always","Carrier","Off","1","1","1","Off","1","2","None","None","Off","Off","Off","On","Normal Encryption","Off","Off","Off","Off","251.1","1","Off","Off","Off","Off","Off","Off","1","0","Off","0","1","0","0","0","0","0","0","0"
"206","Kokoska TS1","438.50000","430.90000","D-Digital","High","12.5K","Off","Off","293 SLO TS1","Group Call","293","ID","Always","Carrier","Off","1","1","1","Off","1","1","None","None","Off","Off","Off","On","Normal Encryption","Off","Off","Off","Off","251.1","1","Off","Off","Off","Off","Off","Off","1","0","Off","0","1","0","0","0","0","0","0","0"
"207","Kokoska TS2","438.50000","430.90000","D-Digital","High","12.5K","Off","Off","TG 9 LOKAL TS2","Group Call","9","ID","Always","Carrier","Off","1","1","1","Off","1","2","None","None","Off","Off","Off","On","Normal Encryption","Off","Off","Off","Off","251.1","1","Off","Off","Off","Off","Off","Off","1","0","Off","0","1","0","0","0","0","0","0","0"
"208","LJ TR3 TS1","438.50000","430.90000","D-Digital","High","12.5K","Off","Off","293 SLO TS1","Group Call","293","ID","Always","Carrier","Off","1","1","1","Off","2","1","None","None","Off","Off","Off","On","Normal Encryption","Off","Off","Off","Off","251.1","1","Off","Off","Off","Off","Off","Off","1","0","Off","0","1","0","0","0","0","0","0","0"
"209","LJ TR3 TS2","438.50000","430.90000","D-Digital","High","12.5K","Off","Off","TG 9 LOKAL TS2","Group Call","9","ID","Always","Carrier","Off","1","1","1","Off","2","2","None","None","Off","Off","Off","On","Normal Encryption","Off","Off","Off","Off","251.1","1","Off","Off","Off","Off","Off","Off","1","0","Off","0","1","0","0","0","0","0","0","0"
"210","Celje TS1","438.50000","430.90000","D-Digital","High","12.5K","Off","Off","293 SLO TS1","Group Call","293","ID","Always","Carrier","Off","1","1","1","Off","3","1","None","None","Off","Off","Off","On","Normal Encryption","Off","Off","Off","Off","131.8","1","Off","Off","Off","Off","Off","Off","1","0","Off","0","1","0","0","0","0","0","0","0"
"211","Celje TS2","438.50000","430.90000","D-Digital","High","12.5K","Off","Off","TG 9 LOKAL TS2","Group Call","9","ID","Always","Carrier","Off","1","1","1","Off","3","2","None","None","Off","Off","Off","On","Normal Encryption","Off","Off","Off","Off","131.8","1","Off","Off","Off","Off","Off","Off","1","0","Off","0","1","0","0","0","0","0","0","0"
"212","N.M. TS1","438.52500","430.92500","D-Digital","High","12.5K","Off","Off","293 SLO TS1","Group Call","293","ID","Always","Carrier","Off","1","1","1","Off","1","1","None","None","Off","Off","Off","On","Normal Encryption","Off","Off","Off","Off","251.1","1","Off","Off","Off","Off","Off","Off","1","0","Off","0","1","0","0","0","0","0","0","0"
"213","N.M. TS2","438.52500","430.92500","D-Digital","High","12.5K","Off","Off","TG 9 LOKAL TS2","Group Call","9","ID","Always","Carrier","Off","1","1","1","Off","1","2","None","None","Off","Off","Off","On","Normal Encryption","Off","Off","Off","Off","251.1","1","Off","Off","Off","Off","Off","Off","1","0","Off","0","1","0","0","0","0","0","0","0"
"214","Golte TS1","438.52500","430.92500","D-Digital","High","12.5K","Off","Off","293 SLO TS1","Group Call","293","ID","Always","Carrier","Off","1","1","1","Off","2","1","None","None","Off","Off","Off","On","Normal Encryption","Off","Off","Off","Off","251.1","1","Off","Off","Off","Off","Off","Off","1","0","Off","0","1","0","0","0","0","0","0","0"
"215","Golte TS2","438.52500","430.92500","D-Digital","High","12.5K","Off","Off","TG 9 LOKAL TS2","Group Call","9","ID","Always","Carrier","Off","1","1","1","Off","2","2","None","None","Off","Off","Off","On","Normal Encryption","Off","Off","Off","Off","251.1","1","Off","Off","Off","Off","Off","Off","1","0","Off","0","1","0","0","0","0","0","0","0"
"216","Zagarski TS1","438.55000","430.95000","D-Digital","High","12.5K","Off","Off","293 SLO TS1","Group Call","293","ID","Always","Carrier","Off","1","1","1","Off","1","1","None","None","Off","Off","Off","On","Normal Encryption","Off","Off","Off","Off","251.1","1","Off","Off","Off","Off","Off","Off","1","0","Off","0","1","0","0","0","0","0","0","0"
"217","Zagarski TS2","438.55000","430.95000","D-Digital","High","12.5K","Off","Off","TG 9 LOKAL TS2","Group Call","9","ID","Always","Carrier","Off","1","1","1","Off","1","2","None","None","Off","Off","Off","On","Normal Encryption","Off","Off","Off","Off","251.1","1","Off","Off","Off","Off","Off","Off","1","0","Off","0","1","0","0","0","0","0","0","0"
"218","Nanos TS1","438.70000","431.10000","D-Digital","High","12.5K","Off","Off","293 SLO TS1","Group Call","293","ID","Always","Carrier","Off","1","1","1","Off","1","1","None","None","Off","Off","Off","On","Normal Encryption","Off","Off","Off","Off","251.1","1","Off","Off","Off","Off","Off","Digital","1","0","Off","0","1","0","0","0","0","0","0","0"
"219","Nanos TS2","438.70000","431.10000","D-Digital","High","12.5K","Off","Off","TG 9 LOKAL TS2","Group Call","9","ID","Always","Carrier","Off","1","1","1","Off","1","2","None","None","Off","Off","Off","On","Normal Encryption","Off","Off","Off","Off","251.1","1","Off","Off","Off","Off","Off","Off","1","0","Off","0","1","0","0","0","0","0","0","0"
"220","Radenci TS1","438.72500","431.12500","D-Digital","High","12.5K","Off","Off","293 SLO TS1","Group Call","293","ID","Always","Carrier","Off","1","1","1","Off","1","1","None","None","Off","Off","Off","On","Normal Encryption","Off","Off","Off","Off","251.1","1","Off","Off","Off","Off","Off","Off","1","0","Off","0","1","0","0","0","0","0","0","0"
"221","Radenci TS2","438.72500","431.12500","D-Digital","High","12.5K","Off","Off","TG 9 LOKAL TS2","Group Call","9","ID","Always","Carrier","Off","1","1","1","Off","1","2","None","None","Off","Off","Off","On","Normal Encryption","Off","Off","Off","Off","251.1","1","Off","Off","Off","Off","Off","Off","1","0","Off","0","1","0","0","0","0","0","0","0"
"222","Ermanovec TS1","438.72500","431.12500","D-Digital","High","12.5K","Off","Off","293 SLO TS1","Group Call","293","ID","Always","Carrier","Off","1","1","1","Off","1","1","None","None","Off","Off","Off","On","Normal Encryption","Off","Off","Off","Off","251.1","1","Off","Off","Off","Off","Off","Off","1","0","Off","0","1","0","0","0","0","0","0","0"
"223","Ermanovec TS2","438.72500","431.12500","D-Digital","High","12.5K","Off","Off","TG 9 LOKAL TS2","Group Call","9","ID","Always","Carrier","Off","1","1","1","Off","1","2","None","None","Off","Off","Off","On","Normal Encryption","Off","Off","Off","Off","251.1","1","Off","Off","Off","Off","Off","Off","1","0","Off","0","1","0","0","0","0","0","0","0"
"224","Trstelj TS1","438.75000","431.15000","D-Digital","High","12.5K","Off","Off","293 SLO TS1","Group Call","293","ID","Always","Carrier","Off","1","1","1","Off","1","1","None","None","Off","Off","Off","On","Normal Encryption","Off","Off","Off","Off","251.1","1","Off","Off","Off","Off","Off","Off","1","0","Off","0","1","0","0","0","0","0","0","0"
"225","Trstelj TS2","438.75000","431.15000","D-Digital","High","12.5K","Off","Off","TG 9 LOKAL TS2","Group Call","9","ID","Always","Carrier","Off","1","1","1","Off","1","2","None","None","Off","Off","Off","On","Normal Encryption","Off","Off","Off","Off","251.1","1","Off","Off","Off","Off","Off","Digital","1","0","Off","0","1","0","0","0","0","0","0","0"
"226","Beli Kriz TS1","438.80000","431.20000","D-Digital","High","12.5K","Off","Off","293 SLO TS1","Group Call","293","ID","Always","Carrier","Off","1","1","1","Off","1","1","None","None","Off","Off","Off","On","Normal Encryption","Off","Off","Off","Off","251.1","1","Off","Off","Off","Off","Off","Off","1","0","Off","0","1","0","0","0","0","0","0","0"
"227","Beli Kriz TS2","438.80000","431.20000","D-Digital","High","12.5K","Off","Off","TG 9 LOKAL TS2","Group Call","9","ID","Always","Carrier","Off","1","1","1","Off","1","2","None","None","Off","Off","Off","On","Normal Encryption","Off","Off","Off","Off","251.1","1","Off","Off","Off","Off","On","Off","1","0","Off","0","1","0","0","0","0","0","0","0"
"228","Boc TS1","438.82500","431.22500","D-Digital","High","12.5K","Off","Off","293 SLO TS1","Group Call","293","ID","Always","Carrier","Off","1","1","1","Off","1","1","None","None","Off","Off","Off","On","Normal Encryption","Off","Off","Off","Off","251.1","1","Off","Off","Off","Off","Off","Off","1","0","Off","0","1","0","0","0","0","0","0","0"
"229","Boc TS2","438.82500","431.22500","D-Digital","High","12.5K","Off","Off","TG 9 LOKAL TS2","Group Call","9","ID","Always","Carrier","Off","1","1","1","Off","1","2","None","None","Off","Off","Off","On","Normal Encryption","Off","Off","Off","Off","251.1","1","Off","Off","Off","Off","Off","Off","1","0","Off","0","1","0","0","0","0","0","0","0"
"230","V. Planina TS1","438.92500","431.32500","D-Digital","High","12.5K","Off","Off","293 SLO TS1","Group Call","293","ID","Always","Carrier","Off","1","1","1","Off","1","1","None","None","Off","Off","Off","On","Normal Encryption","Off","Off","Off","Off","251.1","1","Off","Off","Off","Off","Off","Off","1","0","Off","0","1","0","0","0","0","0","0","0"
"231","V. Planina TS2","438.92500","431.32500","D-Digital","High","12.5K","Off","Off","TG 9 LOKAL TS2","Group Call","9","ID","Always","Carrier","Off","1","1","1","Off","1","2","None","None","Off","Off","Off","On","Normal Encryption","Off","Off","Off","Off","251.1","1","Off","Off","Off","Off","Off","Off","1","0","Off","0","1","0","0","0","0","0","0","0"
"232","Kobla U TS1","439.02500","431.42500","D-Digital","High","12.5K","Off","Off","293 SLO TS1","Group Call","293","ID","Always","Carrier","Off","1","1","1","Off","1","1","None","None","Off","Off","Off","On","Normal Encryption","Off","Off","Off","Off","251.1","1","Off","Off","Off","Off","Off","Off","1","0","Off","0","1","0","0","0","0","0","0","0"
"233","Kobla U TS2","439.02500","431.42500","D-Digital","High","12.5K","Off","Off","TG 9 LOKAL TS2","Group Call","9","ID","Always","Carrier","Off","1","1","1","Off","1","2","None","None","Off","Off","Off","On","Normal Encryption","Off","Off","Off","Off","251.1","1","Off","Off","Off","Off","Off","Off","1","0","Off","0","1","0","0","0","0","0","0","0"
"234","Sv. Rok TS1","439.05000","431.45000","D-Digital","High","12.5K","Off","Off","293 SLO TS1","Group Call","293","ID","Always","Carrier","Off","1","1","1","Off","1","1","None","None","Off","Off","Off","On","Normal Encryption","Off","Off","Off","Off","251.1","1","Off","Off","Off","Off","Off","Off","1","0","Off","0","1","0","0","0","0","0","0","0"
"235","Sv. Rok TS2","439.05000","431.45000","D-Digital","High","12.5K","Off","Off","TG 9 LOKAL TS2","Group Call","9","ID","Always","Carrier","Off","1","1","1","Off","1","2","None","None","Off","Off","Off","On","Normal Encryption","Off","Off","Off","Off","251.1","1","Off","Off","Off","Off","Off","Off","1","0","Off","0","1","0","0","0","0","0","0","0"
"236","Lisca TS1","439.07500","431.47500","D-Digital","High","12.5K","Off","Off","293 SLO TS1","Group Call","293","ID","Always","Carrier","Off","1","1","1","Off","1","1","None","None","Off","Off","Off","On","Normal Encryption","Off","Off","Off","Off","251.1","1","Off","Off","Off","Off","Off","Off","1","0","Off","0","1","0","0","0","0","0","0","0"
"237","Lisca TS2","439.07500","431.47500","D-Digital","High","12.5K","Off","Off","TG 9 LOKAL TS2","Group Call","9","ID","Always","Carrier","Off","1","1","1","Off","1","2","None","None","Off","Off","Off","On","Normal Encryption","Off","Off","Off","Off","251.1","1","Off","Off","Off","Off","Off","Off","1","0","Off","0","1","0","0","0","0","0","0","0"
"238","Korada TS1","439.07500","431.47500","D-Digital","High","12.5K","Off","Off","293 SLO TS1","Group Call","293","ID","Always","Carrier","Off","1","1","1","Off","1","1","None","None","Off","Off","Off","On","Normal Encryption","Off","Off","Off","Off","251.1","1","Off","Off","Off","Off","Off","Off","1","0","Off","0","1","0","0","0","0","0","0","0"
"239","Korada TS2","439.07500","431.47500","D-Digital","High","12.5K","Off","Off","TG 9 LOKAL TS2","Group Call","9","ID","Always","Carrier","Off","1","1","1","Off","1","2","None","None","Off","Off","Off","On","Normal Encryption","Off","Off","Off","Off","251.1","1","Off","Off","Off","Off","Off","Off","1","0","Off","0","1","0","0","0","0","0","0","0"
"240","Breginj TS1","439.15000","431.55000","D-Digital","High","12.5K","Off","Off","293 SLO TS1","Group Call","293","ID","Always","Carrier","Off","1","1","1","Off","1","1","None","None","Off","Off","Off","On","Normal Encryption","Off","Off","Off","Off","251.1","1","Off","Off","Off","Off","Off","Off","1","0","Off","0","1","0","0","0","0","0","0","0"
"241","Breginj TS2","439.15000","431.55000","D-Digital","High","12.5K","Off","Off","TG 9 LOKAL TS2","Group Call","9","ID","Always","Carrier","Off","1","1","1","Off","1","2","None","None","Off","Off","Off","On","Normal Encryption","Off","Off","Off","Off","251.1","1","Off","Off","Off","Off","Off","Off","1","0","Off","0","1","0","0","0","0","0","0","0"
"242","Sv. Planina TS1","439.17500","431.57500","D-Digital","High","12.5K","Off","Off","293 SLO TS1","Group Call","293","ID","Always","Carrier","Off","1","1","1","Off","1","1","None","None","Off","Off","Off","On","Normal Encryption","Off","Off","Off","Off","251.1","1","Off","Off","Off","Off","Off","Off","1","0","Off","0","1","0","0","0","0","0","0","0"
"243","Sv. Planina TS2","439.17500","431.57500","D-Digital","High","12.5K","Off","Off","TG 9 LOKAL TS2","Group Call","9","ID","Always","Carrier","Off","1","1","1","Off","1","2","None","None","Off","Off","Off","On","Normal Encryption","Off","Off","Off","Off","251.1","1","Off","Off","Off","Off","Off","Off","1","0","Off","0","1","0","0","0","0","0","0","0"
"244","Knezak TS1","439.20000","431.60000","D-Digital","High","12.5K","Off","Off","293 SLO TS1","Group Call","293","ID","Always","Carrier","Off","1","1","1","Off","1","1","None","None","Off","Off","Off","On","Normal Encryption","Off","Off","Off","Off","251.1","1","Off","Off","Off","Off","Off","Off","1","0","Off","0","1","0","0","0","0","0","0","0"
"245","Knezak TS2","439.20000","431.60000","D-Digital","High","12.5K","Off","Off","TG 9 LOKAL TS2","Group Call","9","ID","Always","Carrier","Off","1","1","1","Off","1","2","None","None","Off","Off","Off","On","Normal Encryption","Off","Off","Off","Off","251.1","1","Off","Off","Off","Off","Off","Off","1","0","Off","0","1","0","0","0","0","0","0","0"
"246","Slavnik TS1","439.22500","431.62500","D-Digital","High","12.5K","Off","Off","293 SLO TS1","Group Call","293","ID","Always","Carrier","Off","1","1","1","Off","1","1","None","None","Off","Off","Off","On","Normal Encryption","Off","Off","Off","Off","251.1","1","Off","Off","Off","Off","Off","Off","1","0","Off","0","1","0","0","0","0","0","0","0"
"247","Slavnik TS2","439.22500","431.62500","D-Digital","High","12.5K","Off","Off","TG 9 LOKAL TS2","Group Call","9","ID","Always","Carrier","Off","1","1","1","Off","1","2","None","None","Off","Off","Off","On","Normal Encryption","Off","Off","Off","Off","251.1","1","Off","Off","Off","Off","Off","Digital","1","0","Off","0","1","0","0","0","0","0","0","0"
"248","N. G. TS1","439.25000","431.65000","D-Digital","High","12.5K","Off","Off","293 SLO TS1","Group Call","293","ID","Always","Carrier","Off","1","1","1","Off","1","1","None","None","Off","Off","Off","On","Normal Encryption","Off","Off","Off","Off","251.1","1","Off","Off","Off","Off","Off","Off","1","0","Off","0","1","0","0","0","0","0","0","0"
"249","N. G. TS2","439.25000","431.65000","D-Digital","High","12.5K","Off","Off","TG 9 LOKAL TS2","Group Call","9","ID","Always","Carrier","Off","1","1","1","Off","1","2","None","None","Off","Off","Off","On","Normal Encryption","Off","Off","Off","Off","251.1","1","Off","Off","Off","Off","Off","Off","1","0","Off","0","1","0","0","0","0","0","0","0"
"250","Polj. Ravne TS1","439.27500","431.67500","D-Digital","High","12.5K","Off","Off","293 SLO TS1","Group Call","293","ID","Always","Carrier","Off","1","1","1","Off","1","1","None","None","Off","Off","Off","On","Normal Encryption","Off","Off","Off","Off","251.1","1","Off","Off","Off","Off","Off","Off","1","0","Off","0","1","0","0","0","0","0","0","0"
"251","Polj. Ravne TS2","439.27500","431.67500","D-Digital","High","12.5K","Off","Off","TG 9 LOKAL TS2","Group Call","9","ID","Always","Carrier","Off","1","1","1","Off","1","2","None","None","Off","Off","Off","On","Normal Encryption","Off","Off","Off","Off","251.1","1","Off","Off","Off","Off","Off","Off","1","0","Off","0","1","0","0","0","0","0","0","0"
"252","Kanin TS1","439.30000","431.70000","D-Digital","High","12.5K","Off","Off","293 SLO TS1","Group Call","293","ID","Always","Carrier","Off","1","1","1","Off","1","1","None","None","Off","Off","Off","On","Normal Encryption","Off","Off","Off","Off","251.1","1","Off","Off","Off","Off","Off","Off","1","0","Off","0","1","0","0","0","0","0","0","0"
"253","Kanin TS2","439.30000","431.70000","D-Digital","High","12.5K","Off","Off","TG 9 LOKAL TS2","Group Call","9","ID","Always","Carrier","Off","1","1","1","Off","1","2","None","None","Off","Off","Off","On","Normal Encryption","Off","Off","Off","Off","251.1","1","Off","Off","Off","Off","Off","Off","1","0","Off","0","1","0","0","0","0","0","0","0"
"254","Struska TS1","439.32500","431.72500","D-Digital","High","12.5K","Off","Off","293 SLO TS1","Group Call","293","ID","Always","Carrier","Off","1","1","1","Off","1","1","None","None","Off","Off","Off","On","Normal Encryption","Off","Off","Off","Off","131.8","1","Off","Off","Off","Off","Off","Off","1","0","Off","0","1","0","0","0","0","0","0","0"
"255","Struska TS2","439.32500","431.72500","D-Digital","High","12.5K","Off","Off","TG 9 LOKAL TS2","Group Call","9","ID","Always","Carrier","Off","1","1","1","Off","1","2","None","None","Off","Off","Off","On","Normal Encryption","Off","Off","Off","Off","131.8","1","Off","Off","Off","Off","Off","Off","1","0","Off","0","1","0","0","0","0","0","0","0"
"256","Trd. Vrh TS1","439.33750","431.73750","D-Digital","High","12.5K","Off","Off","293 SLO TS1","Group Call","293","ID","Always","Carrier","Off","1","1","1","Off","1","1","None","None","Off","Off","Off","On","Normal Encryption","Off","Off","Off","Off","131.8","1","Off","Off","Off","Off","Off","Off","1","0","Off","0","1","0","0","0","0","0","0","0"
"257","Trd. Vrh TS2","439.33750","431.73750","D-Digital","High","12.5K","Off","Off","TG 9 LOKAL TS2","Group Call","9","ID","Always","Carrier","Off","1","1","1","Off","1","2","None","None","Off","Off","Off","On","Normal Encryption","Off","Off","Off","Off","131.8","1","Off","Off","Off","Off","Off","Off","1","0","Off","0","1","0","0","0","0","0","0","0"
"258","Kuk TS1","439.35000","431.75000","D-Digital","High","12.5K","Off","Off","293 SLO TS1","Group Call","293","ID","Always","Carrier","Off","1","1","1","Off","2","1","None","None","Off","Off","Off","On","Normal Encryption","Off","Off","Off","Off","251.1","1","Off","Off","Off","Off","Off","Off","1","0","Off","0","1","0","0","0","0","0","0","0"
"259","Kuk TS2","439.35000","431.75000","D-Digital","High","12.5K","Off","Off","TG 9 LOKAL TS2","Group Call","9","ID","Always","Carrier","Off","1","1","1","Off","2","2","None","None","Off","Off","Off","On","Normal Encryption","Off","Off","Off","Off","251.1","1","Off","Off","Off","Off","Off","Off","1","0","Off","0","1","0","0","0","0","0","0","0"
"260","Karlovica TS1","439.37500","431.77500","D-Digital","High","12.5K","Off","Off","293 SLO TS1","Group Call","293","ID","Always","Carrier","Off","1","1","1","Off","1","1","None","None","Off","Off","Off","On","Normal Encryption","Off","Off","Off","Off","251.1","1","Off","Off","Off","Off","Off","Off","1","0","Off","0","1","0","0","0","0","0","0","0"
"261","Karlovica TS2","439.37500","431.77500","D-Digital","High","12.5K","Off","Off","TG 9 LOKAL TS2","Group Call","9","ID","Always","Carrier","Off","1","1","1","Off","1","2","None","None","Off","Off","Off","On","Normal Encryption","Off","Off","Off","Off","251.1","1","Off","Off","Off","Off","Off","Off","1","0","Off","0","1","0","0","0","0","0","0","0"
"262","Urslja G. TS1","439.37500","431.77500","D-Digital","Low","12.5K","Off","Off","293 SLO TS1","Group Call","293","ID","Always","Carrier","Off","1","1","1","Off","1","1","None","None","Off","Off","Off","On","Normal Encryption","Off","Off","Off","Off","251.1","1","Off","Off","Off","Off","Off","Off","1","0","Off","0","1","0","0","0","0","0","0","0"
"263","Urslja G. TS2","439.37500","431.77500","D-Digital","Mid","12.5K","Off","Off","TG 9 LOKAL TS2","Group Call","9","ID","Always","Carrier","Off","1","1","1","Off","1","2","None","None","Off","Off","Off","On","Normal Encryption","Off","Off","Off","Off","251.1","1","Off","Off","Off","Off","Off","Off","1","0","Off","0","1","0","0","0","0","0","0","0"
"264","Stol TS1","439.40000","431.80000","D-Digital","High","12.5K","Off","Off","293 SLO TS1","Group Call","293","ID","Always","Carrier","Off","1","1","1","Off","1","1","None","None","Off","Off","Off","On","Normal Encryption","Off","Off","Off","Off","251.1","1","Off","Off","Off","Off","Off","Off","1","0","Off","0","1","0","0","0","0","0","0","0"
"265","Stol TS2","439.40000","431.80000","D-Digital","High","12.5K","Off","Off","TG 9 LOKAL TS2","Group Call","9","ID","Always","Carrier","Off","1","1","1","Off","1","2","None","None","Off","Off","Off","On","Normal Encryption","Off","Off","Off","Off","251.1","1","Off","Off","Off","Off","Off","Off","1","0","Off","0","1","0","0","0","0","0","0","0"
"4001","Channel VFO A","144.80000","144.80000","A-Analog","Low","12.5K","Off","Off","TG 9 LOKAL TS2","Group Call","9","ID","Off","Carrier","Off","1","1","1","Off","1","1","None","None","Off","Off","Off","Off","Normal Encryption","Off","Off","Off","Off","251.1","1","Off","Off","Off","Off","Off","Off","1","0","Off","0","1","1","0","0","0","0","0","0"
"4002","Channel VFO B","430.00000","430.00000","A-Analog","Mid","12.5K","Off","Off","TG 9 LOKAL TS2","Group Call","9","ID","Off","Carrier","Off","1","1","1","Off","1","1","None","None","Off","Off","Off","Off","Normal Encryption","Off","Off","Off","Off","251.1","1","Off","Off","Off","Off","Off","Off","1","0","Off","0","1","1","0","0","0","0","0","0"